palabra,media_agrado,media_activacion,media_imaginabilidad
población,-0.2,0,0.6
obra,0.2,0.4,0.4
dormir,1,-0.6,1
dar,0.8,1,1
realizar,0.6,1,0.8
haber,0,-0.2,-0.2
amor,1,0.6,0.4
aparecer,0,0.6,0.6
seguir,0.4,0.6,0.8
especie,0.2,-0.2,0.6
dejar,-0.4,1,1
nombre,0.167,-0.5,0.167
solo,-0.6,-0.2,1
corazón,0.8,0.4,1
lograr,1,1,0.6
entender,1,0.8,0.6
acercar,0.2,1,0.6
grande,0,-0.2,0.6
ojo,0.2,-0.2,1
bueno,1,0.2,0.6
trabajar,0.6,1,1
permitir,0.8,1,0.4
junto,0.6,0.2,0.6
hablar,0.2,1,1
hacer,0.4,1,0.8
tiempo,0,0,0.2
nuevo,0.8,-0.4,0.6
mirada,0.4,0.6,0.8
entrar,0.2,1,1
cuerpo,0,0.2,1
tipo,-0.2,0,-0.8
cosa,0,0,-0.4
volver,-0.4,0.2,0.4
propio,0.4,0,0.6
más,0.8,0.2,0.2
llamar,0.2,1,1
canción,1,0,1
alcanzar,1,1,0.8
pensar,0.8,0.6,1
agua,0.6,0,1
aire,0.6,0,0.2
jugar,1,1,1
voz,0.4,0.8,0.8
poder,0.8,0.8,0.2
sentar,0.4,0.6,0.8
mar,0.8,0.6,1
mirar,0.4,0.8,1
río,0.6,0.4,0.8
dolor,-1,0.6,0.8
caso,0,-0.2,-0.6
mantener,-0.2,1,-0.4
historia,0.4,0,0
región,0,-0.2,-0.4
abrir,0.4,1,1
último,-0.4,-0.2,0.2
hermano,0.6,0.2,0.8
lugar,0,-0.4,0
junto,0.4,0.2,0.4
presentar,0.4,1,0.4
producir,0.4,1,0.2
estar,0.8,0.2,0.4
venir,0.4,1,1
palabra,0,0.2,0.2
habitante,0.5,-0.167,0.833
fin,0,0.2,0.2
sólo,0,-0.2,0
alma,0.5,0,-0.5
rey,-0.167,0,0.167
mundo,0.4,0,0.8
ser,0.4,0.4,0.2
número,0.167,-0.167,0.667
considerar,0.333,0.5,-0.333
querer,1,0.8,0.4
recordar,0.333,0.333,0.333
amar,1,1,0.667
creer,0.6,0.6,0.2
pedir,-0.5,0.5,0.5
caer,-0.5,-0.333,0.333
siguiente,0.167,0.333,0.167
trabajo,0.333,0.667,0.5
nacional,0.4,0.2,0.8
convertir,-0.2,1,0
tener,0.6,-0.2,0.8
lado,0,-0.4,0.4
punto,0,-0.4,0.6
esperar,-0.8,-1,0.8
amigo,1,0.4,1
manera,0,0,-0.8
total,0,-0.2,-0.4
poder,0.4,0.8,0.4
ubicar,-0.2,1,0.4
crear,1,1,0.2
calle,0,-0.4,0.8
terminar,0.2,1,0.8
forma,0.2,-0.2,-0.6
sistema,0.2,0.2,-0.8
año,0,-0.2,1
existir,0.6,0.2,-0.2
hijo,0.6,0.2,1
partir,0,0.8,0.6
comenzar,0.6,1,0.8
luz,0.6,0,1
buscar,0.2,1,0.8
paso,0,0.4,0.2
vida,0.8,0.2,0.4
país,0.2,-0.2,0.8
encontrar,0.6,0.6,1
decidir,0.2,1,-0.2
parte,0,-0.2,0.8
noche,0.6,0,1
llevar,0,0.6,1
poner,0.4,1,1
hora,0,-0.6,0.2
incluir,0.2,0.6,-0.2
decir,0.2,0.8,1
escuchar,0.4,0.6,0.8
perder,-1,0.4,1
grupo,0.6,0,0.8
libro,0.6,0,1
fuerza,0.4,0.4,0
familia,1,0.4,0.8
llegar,0.4,1,1
cielo,0.8,0.4,0.6
zona,0,-0.2,-0.4
verdad,0.8,0.2,-0.2
persona,0.4,0.6,0.8
norte,0.2,-0.4,0.4
hombre,0.4,0.4,1
cuenta,0,-0.2,0.4
puerta,0,-0.6,1
dirigir,0,0.8,0.2
momento,0.2,-0.4,-0.2
muerte,-0.8,0,0.2
municipio,0,-0.2,0.6
tratar,0.2,0.8,-0.2
quedar,0,-0.4,0.2
unir,0.4,0.8,0.8
cabeza,0,0,1
tierra,0.4,0,1
mismo,0,0.2,-0.4
centro,0.4,-0.4,0.4
aun,0,-0.2,-1
casa,0.8,-0.6,0.8
gente,0.4,0.2,1
principal,0.8,0.2,0.2
tan,0,-0.2,-0.6
mejor,0.8,0.4,0.2
preguntar,0.2,1,0.4
saber,0.8,1,0
formar,0.4,1,0
único,0.4,0.2,0.6
vez,0,0,-0.2
camino,0.6,0.4,0.6
recuerdo,0.2,-0.2,1
mujer,0.6,0.6,1
conocer,0.8,0.8,0.4
parecer,0.4,0.2,0.4
olvidar,0,0.6,0.4
metro,0.167,0,1
importante,0.333,0.333,0.333
universidad,0.714,0.857,1
siglo,0,-0.8,0.6
color,0.4,0,1
pasar,0,0.4,0.6
correr,0.8,1,1
mano,0.2,0,1
contar,0.4,1,0.8
deber,-0.4,0,0.8
salir,0.6,1,1
vivir,0.8,1,1
estado,-0.2,-0.2,-0.2
ver,0.4,0.6,0.8
pequeño,0.2,-0.4,1
padre,1,0.6,1
gobierno,0,0.667,0.833
condado,0,-0.8,0.2
utilizar,0.167,0.667,0.333
madre,1,0.8,1
sentir,0.6,0.6,0.4
tanto,0,0.2,-0.2
cambiar,0.333,0.667,0.167
final,0.4,0.2,0.6
escribir,0.2,0.8,1
día,0.4,0.2,1
sueño,0.4,0.2,0.4
usar,0,0.8,0.2
empezar,0.4,1,0
tomar,0,0.6,0.8
pesar,-0.4,0.2,0.4
equipo,0.8,0.4,0.8
ciudad,0.4,0.4,1
juego,1,1,0.8
provincia,0.6,0,0.8
gran,0.4,0.2,0.6
general,0.2,-0.2,-0.6
morir,-0.6,0.4,0.6
nacer,0.8,1,0.8
niño,0.6,0.8,1
mayor,0.333,0.167,1
recibir,0.667,0.167,0.667
serie,0.333,0.167,0
silencio,0.667,-0.167,1
realidad,0.333,0.333,0.667
real,0.333,0.333,0.5
proyecto,0.5,0.167,0.667
estudio,0.5,0.5,0.5
tocar,0.333,0.833,0.833
conseguir,0.333,0.5,0.667
película,0,0.143,0.571
mes,0.2,0,0.2
sol,0.4,0.6,1
diferente,0.6,0.4,0
ganar,0.6,0.8,0.4
isla,0.8,0,0.8
censo,0,0.6,0.2
intentar,0.8,0.6,0.4
mostrar,0.6,0.6,0.8
viejo,0.2,0.2,0.4
humano,0.8,0.8,0.8
caminar,0.8,1,1
pie,0,0.4,0.8
orden,0.167,0.333,0.5
gustar,0.833,0.833,0.333
llorar,-0.833,0.833,0.833
levantar,-0.2,0.6,0.4
cara,0.4,-0.2,0.2
rostro,0.2,0,0.2
señor,-0.2,0.2,0.4
música,1,0.6,0.2
raza,-0.2,0.4,1
idea,0.8,1,0.4
viento,0.6,0.6,0.6
iglesia,-0.6,0,1
través,0,0,-1
problema,-0.8,0.4,0.4
álbum,0.2,0.2,0.6
desear,0.6,0.8,0.2
boca,0.4,0.4,1
mente,0.6,0.4,0
imagen,0.4,0,0.6
miedo,-1,0.8,0.6
época,0,0,0
acabar,0.2,0.6,0.2
piel,0.6,0,1
carrera,0.2,0.8,1
construir,0.8,1,1
obtener,0.4,1,-0.2
brazo,0.2,-0.2,1
fuerte,0.6,0.8,0.2
demografía,0,-0.167,-0.5
club,0.667,0.5,0.667
publicar,0.167,1,0.333
resto,0.167,0,-0.167
observar,0.333,0.667,0.667
situar,0,0,0
temporada,0.333,0.167,-0.333
lanzar,0.333,1,0.833
cerrar,-0.333,1,1
servicio,0.6,0.4,-0.4
beso,1,1,1
presidente,-0.2,0.8,1
sentido,0.4,0.4,-0.4
sonrisa,1,1,1
necesitar,0.4,1,0
razón,0.6,0.6,-0.2
miembro,0.4,0.6,0.8
movimiento,0.6,0.6,0.8
regresar,0.4,1,0.8
relación,1,1,0.4
frente,0,0,0.2
escuela,0.8,1,1
papel,0.4,0.4,0.8
línea,0.2,0,1
destacar,0.6,0.8,0.2
ejemplo,0.2,0.6,0
descubrir,1,1,0.4
servir,0,0.8,0.4
arte,1,0.8,0.6
sangre,0,0,1
estrella,1,0.6,1
edad,0,0,0
derecho,0.2,0.6,0
labio,0.4,0.4,1
dios,0,0,-0.4
pertenecer,0.4,0.4,-0.4
continuar,0.6,0.8,-0.2
matar,-1,0.4,0.6
participar,0.8,1,0.4
posible,0.8,0.2,0.4
pueblo,0.6,-0.2,0.6
medio,0,0,0.6
despertar,0.8,0.8,1
espacio,0.4,-0.6,0
distrito,0,0,0
minuto,-0.2,0.2,0
cantar,0.8,1,0.8
igual,0.2,0,0.6
departamento,0.2,-0.2,0.8
sacar,0.2,1,0.8
nada,0,-0.4,0
cambio,0.6,0.8,0
gracia,0.8,0.2,0
blanco,0.6,-0.4,1
personaje,0.8,0.6,0.4
semana,0,0.4,0.6
ocupar,-0.2,0.8,0.2
bajo,0,-0.2,1
antiguo,0.6,-0.6,0.8
localidad,0,0,0
lleno,0.2,-0.4,1
ser,0.8,1,0.2
ocurrir,0.4,0.8,-0.6
principio,0.4,0.4,-0.2
negro,0,-0.4,0.8
oscuro,0,-0.4,0.8
ejército,-0.4,0.6,1
densidad,0,-0.2,-0.2
frente,0,-0.2,0
hermoso,1,0.2,0.6
feliz,1,0.8,0.4
poblacional,0,-0.2,-0.4
situación,0,0,-0.4
detener,0,1,0.4
ayudar,0.6,1,0.6
leer,0.8,0.6,0.8
anterior,0.2,-0.2,-0.4
largo,-0.2,0,0.4
acompañar,0.8,1,0.4
abandonar,-0.8,0.8,0
distinto,0.2,0.2,0.2
social,0.4,0,0
título,-0.2,0,0.6
origen,0.2,-0.2,-0.2
desarrollar,0.2,1,0.4
actual,0,-0.2,0.2
bello,0.8,-0.4,0.6
mayoría,-0.2,0,0.4
dedicar,0.4,0.8,0.6
área,0.2,-0.6,0.6
chico,-0.2,-0.4,1
importar,0.4,0.4,0.6
clase,0.4,0.2,0.6
político,-0.2,0.4,-0.4
internacional,0.2,-0.2,0
especial,0.6,-0.2,0.4
sentimiento,0.4,0,0.2
alto,0.2,-0.2,0.6
nivel,0.2,0.2,0.4
árbol,0.6,-0.4,1
disco,0.4,0,1
pensamiento,0.6,0.4,0
cama,0.6,-0.2,1
extraño,0.2,-0.2,0.2
reconocer,0.4,1,0.2
sufrir,-0.6,0.6,0.6
superficie,0.2,-0.4,0.6
actividad,0.6,0.8,0.4
programa,0,0.6,0.2
edificio,0,-0.8,1
responder,0.429,0.571,0.286
comer,0.4,1,0.6
representar,0.4,0.8,0.4
iniciar,0.6,1,0.4
establecer,0.167,0.833,-0.5
estación,0.333,-0.5,0.667
hecho,0.167,0.167,-0.333
mundial,0.333,0.167,0.5
suelo,0.5,0,1
oficina,0.2,0,1
ventana,0.8,-0.4,1
empresa,0,0.4,0.6
éxito,0.8,0.6,0.8
poseer,0.6,0.6,0.8
ley,0,0.8,0.8
compañía,1,1,1
suceder,0.4,0.6,0.8
instante,0.4,0,0.8
cubrir,0.4,1,0.6
sociedad,0.6,0.6,0.8
reír,1,1,1
traer,0,1,0.8
versión,0,0,-0.2
lengua,0.2,0.8,0.8
uso,0,0.6,0.4
cantón,0.2,-0.2,0.2
entregar,0.4,0.8,0.8
comprender,0.667,0.5,0.5
vivo,0.5,0.833,0.667
territorio,0.167,-0.333,0.833
luna,0.833,-0.333,1
vuelta,0.167,0.5,0.5
ofrecer,0.75,1,0.875
destino,0.4,0,0.2
hoja,0.4,-0.2,1
sombra,0.4,-0.2,1
diverso,0.4,0.2,0.2
base,0,0,0.2
público,0.4,0.4,0.8
mover,0.2,0.8,0.6
libre,0.8,0.6,0.2
batalla,-0.6,0.8,0.8
fondo,0,-0.4,0.8
acariciar,0.8,1,1
millón,0,0,0.2
fuego,0.8,1,1
flor,1,0.2,1
don,0.8,0.2,0.6
resultar,0,0.4,0
planta,1,0.2,1
acuerdo,0.4,1,0.6
nombrar,0,0.8,0.4
joven,0.2,0.2,0.6
crecer,0.8,1,0.6
premio,0.8,0.4,0.8
componer,0.6,1,0.6
viaje,0.6,0.8,0.8
modo,0,-0.2,-0.4
sonido,0.6,0.4,1
compañero,0.6,0.2,0.8
suponer,0,0.6,0
desarrollo,0.6,1,0.8
menor,0,0,0.6
construcción,0.4,1,0.6
soler,0.2,0.6,0
animal,0.8,0.6,0.8
popular,0,0.2,0.8
soñar,1,0.8,1
fundar,0,1,1
volar,0.6,1,1
rojo,0.6,0,0.8
cargo,0.2,0.4,0.8
contener,0.2,0.6,0.6
fútbol,-0.2,1,1
joven,0.2,0.4,1
valor,0.4,0.2,0.6
medio,0,0,0.2
proceso,0,0.8,0.6
gritar,-0.4,1,1
estilo,0.4,0.4,0.4
presencia,0.2,0.6,0.4
común,0,0,0
ocasión,0.4,0.2,0.4
letra,0,-0.2,0.8
lluvia,0.6,0.8,1
división,0,0.8,0.8
allá,0,0.2,0.6
estudiar,0.2,1,1
término,0,-0.2,-0.2
reino,0.4,0.2,0.6
triste,-1,-0.167,1
lágrima,-0.167,0.5,1
producción,0.5,0.833,0.5
dirección,0.167,0.833,0.5
romper,0,1,1
república,0.333,0.167,0.167
respuesta,0.167,0.833,-0.167
acción,0.6,1,0.8
necesario,0,-0.2,-0.4
natural,0.2,0,0.4
subir,0.4,1,1
autor,0.2,0.6,1
disponer,0.4,0.4,-0.2
soledad,-0.6,-0.8,1
malo,-1,0.2,1
oficial,0,0.2,0
televisión,0.2,-0.2,1
cabo,-0.2,-0.4,0.4
todavía,0.4,-0.2,-0.2
geografía,0.2,-0.2,0.4
desaparecer,0,0.4,1
separar,-0.2,1,0.6
económico,0.2,-0.2,0.6
significar,0,0,-0.2
favor,0.6,0.8,0.6
jamás,-0.2,0,0.2
director,0,0.4,0.8
corresponder,0.2,0.2,0.4
habitación,0,0,1
género,0,-0.2,0
comunidad,0.6,0,1
cierto,0.4,0.2,-0.2
puerto,0.4,-0.2,0.8
sonreír,1,1,1
deseo,0.4,1,0.4
aceptar,0.6,0.8,0.6
posición,0.2,0.2,0.4
década,0.2,0,0.2
verde,0.4,0.2,1
dedo,0.2,0.2,1
alejar,0,1,1
esposo,-0.2,0.4,0.8
pared,-0.4,-0.2,1
besar,0.6,0.8,1
basar,0.2,0.2,0.2
barrio,0.4,0.4,1
efecto,0.4,0.8,-0.4
escapar,-0.2,1,0.4
cruzar,0.2,1,0.6
oír,0.6,0.2,1
parque,0.8,0.2,1
fiesta,0.4,0.8,1
imaginar,0.6,0.4,0.6
negro,0.4,0.4,1
perro,0.2,0.6,1
permanecer,0.6,-0.4,0
evitar,-0.2,1,0.4
bajar,0,0.8,0.8
casar,0.5,0.833,0.833
elegir,0.8,1,0.2
recorrer,0.2,1,0.6
cumplir,0.8,0.8,0.2
fuente,0.2,-0.8,1
segundo,0,-0.4,-0.2
memoria,0.2,0.4,0
esconder,-0.4,0.8,0.6
cultura,0.8,0.6,0
resultado,0.2,-0.4,-0.2
nuevamente,0,-0.2,-0.2
pecho,0.167,-0.667,1
profesor,0.2,0.2,1
formular,0,0.8,0.2
capital,0.4,-0.2,0.4
existencia,0.6,0,-0.2
episodio,0.2,0,0.4
verdadero,1,0.4,-0.2
figura,0,0,0.8
denominar,0,0.4,-0.4
jefe,-0.4,0.6,1
pena,-0.8,-0.2,0.2
comprar,0.8,1,1
carta,0,0.4,1
notar,0,1,-0.4
mandar,0,1,0.4
atrás,-0.2,-0.2,0.6
marcar,0,0.8,0.4
grito,-0.6,1,1
demasiado,-0.4,-0.2,0
provocar,-0.2,1,0.4
elección,0.2,0.8,0
acto,0,0.8,0.2
modelo,0.2,0,0.4
jugador,0.8,1,1
libertad,1,0.8,0.6
celebrar,1,1,1
espalda,0.2,-0.4,0.8
sitio,0.2,-0.6,0.2
escritor,1,1,1
siquiera,0,-0.4,-0.8
explicar,0.6,1,0.4
cantidad,0,0,0.2
unión,0.8,0.4,0.4
lagrimar,-0.4,0.6,1
apenas,0,-0.167,0.167
aprender,1,1,1
arma,-1,0.6,1
hallar,0.8,1,0.8
distancia,-0.2,-0.4,0.8
simple,0.8,0.2,0.8
teatro,1,0.6,1
par,0.6,0.2,1
andar,0.8,0.8,1
futuro,0.4,-0.2,-0.2
eterno,0.8,0.2,0
condición,0,-0.2,-0.2
militar,-1,0.4,0.6
cuento,1,0.2,1
ángel,0.4,-0.2,0.4
golpe,-0.8,0.4,1
objeto,0.2,-0.4,0.2
organización,0,0.4,0.6
abuelo,0.8,0,1
radio,0.6,0,1
difícil,0,0.2,0.2
viajar,1,0.8,1
capaz,1,0.6,0.6
montaña,0.6,-0.4,1
esperanza,0.8,-0.2,0.6
rodear,0.4,0.6,0.6
preparar,0.4,0.6,0.6
pierna,0.4,0.2,0.8
canal,0.4,0.2,1
numeroso,0,0.2,1
vestir,0,1,1
elemento,0.2,0,0.2
control,-0.2,0,0.6
calor,0.4,0.4,1
oeste,0,0,0.6
función,0,0,0.2
atención,0.4,0.4,0.6
compartir,0.8,1,1
blanco,0.2,-0.2,1
necesidad,0,0.4,0.4
musical,1,0.6,0.6
piso,0,-0.2,1
seguro,0.8,0.2,0.4
ingreso,0.2,0.6,0.2
vender,0,0.8,0.8
simplemente,0.4,0.2,-0.2
político,-0.8,0.4,0.4
completo,0.4,0.2,0.6
interés,0.4,0.4,0.8
causar,0,0.6,0.2
verano,1,0.2,1
ala,0.6,0.4,1
mitad,0,-0.4,0.4
ciencia,0.6,1,1
hogar,1,0,1
faltar,-0.4,0.4,0.2
rápido,0,1,0.2
partido,0.2,0.8,0.8
enorme,0.2,0.2,0.8
nube,0.6,-0.4,1
falta,-0.2,0,0
guardar,0,0,0.2
mesa,0,-0.4,1
extender,0,0.8,0
oro,0.4,-0.8,1
juntar,0.4,1,0.2
similar,0,-0.2,0
enviar,0,1,0.2
histórico,-0.2,-0.6,0.2
interpretar,0.6,0.8,0
piedra,0,-0.8,1
frío,-0.4,0,1
museo,0.8,-0.2,1
original,0.8,0,0.2
civil,0,0.2,-0.6
luchar,0.167,1,0.833
campo,1,-0.286,1
medida,0,0.167,-0.167
plan,0.333,0.667,0.667
apoyar,0.4,0.6,1
información,0.2,0,0
producto,0,-0.2,0.6
unidad,0.4,0.2,0.4
cercano,0.4,0.2,0.6
energía,0.8,0.8,1
alegría,1,1,1
ayuda,0.6,1,0.6
llenar,0.4,1,0.8
colocar,0,1,0.8
avanzar,0.6,1,1
encuentro,1,0.8,1
especialmente,0.2,0.2,0.2
escena,0.2,0.2,0.4
capacidad,0.4,0.4,0.6
profundo,0.6,0.6,0.8
investigación,0.2,1,0.4
largo,0,0,0.6
jardín,1,-0.4,1
gana,0.4,0.8,-0.4
ropa,0.4,-0.2,1
cine,0.8,0,1
oscuridad,-0.4,-0.6,0.8
realmente,0,0.4,0
retirar,0,0.6,0.6
red,0,-0.4,1
parar,0,1,1
tema,0,-0.4,-0.4
describir,0.2,0.6,0.4
enfrentar,-0.4,1,0.6
parir,0.2,1,1
suerte,1,0.2,0.6
edición,0,0.6,0.2
ataque,-1,1,1
abrazar,1,1,1
consejo,0.8,0.8,0.8
café,1,0,1
muchacho,0,-0.2,0.6
cuarto,0,-0.6,0.8
revista,0.2,-0.2,1
tristeza,-0.8,0,1
carne,-0.2,-0.2,1
comuna,0.2,0.2,-0.2
enamorar,1,1,0.6
espejo,0.6,-0.4,1
conjunto,0.4,0.2,0.6
característica,0.2,0,-0.2
corto,-0.2,-0.4,0.8
claro,1,-0.2,0.6
pacífico,1,0,0.8
indicar,0,0.8,1
felicidad,1,0.8,0.8
sensación,0.2,0.8,0.2
oportunidad,1,0.8,0.6
temer,-0.8,0.4,0.6
campeonato,0.6,0.6,0.4
motivo,0.2,0.2,-0.2
rato,0.2,0.2,0.2
derrotar,-0.4,0.8,0.6
peso,-0.2,-0.2,0.6
sencillo,0.6,0.4,0.8
duro,-0.2,0.6,0.8
olor,0,0.4,0.6
duda,-0.4,-0.2,-0.4
puesto,0,0.4,-0.2
actuar,0.8,1,1
principalmente,0,0.2,-0.4
referir,0,0.4,-0.6
detrás,0,-0.4,0.4
destruir,-0.8,1,0
prueba,-0.2,0.4,0.2
tenia,-1,0.4,0.4
perfecto,0.8,0.4,0
pelo,0,0,1
pasión,0.6,0.6,0.6
fecha,0.4,0,0
cansar,-0.667,0.333,0.667
beber,1,1,1
lucha,-0.4,1,0.8
poeta,0.8,0.6,0.6
novela,1,-0.2,0.8
dato,0.6,-0.4,0.8
limitar,-0.4,1,0.2
pez,0.6,0.8,1
repetir,-0.2,0.8,-0.2
creación,0.8,1,0
texto,0.6,-0.2,0.8
naturaleza,1,0.2,0.8
torre,0.4,-0.6,1
constituir,0.4,0.8,-0.4
dulce,1,-0.4,1
obligar,-1,1,0.6
mil,0,0,0.2
pagar,-0.6,1,1
estructura,0,-1,0
copa,0.6,-0.6,1
risa,1,1,1
organizar,0.2,1,0
municipal,0,0,0.6
frío,-0.6,0.2,0.6
negar,-0.8,1,0.4
diferencia,0,0,0.2
intento,0.4,0.8,-0.2
vía,0,-0.4,0.2
policía,-0.2,0.2,1
demostrar,0.4,1,-0.2
formación,0.8,-0.2,-0.2
cultural,0.8,-0.2,-0.6
plata,0.8,-0.2,0.8
período,0,-0.2,0.2
surgir,0.6,1,-0.4
pieza,0.4,-0.4,0.4
suave,0.8,0.2,0.6
guerra,-1,0.2,1
vecino,0.2,0.2,0.6
vista,1,0.2,0.4
aspecto,0.6,0,-0.2
meter,0.4,1,0.4
amo,0.2,0.6,0.2
cortar,0,0.8,0.4
distribución,0.2,0.4,0
pregunta,0.2,1,0.4
paz,1,-0.2,0.2
fruto,0.8,0.2,0.6
belleza,1,0.4,1
poema,0.8,0,0.4
suficiente,0.4,0.2,-0.6
famoso,0,0.2,0.4
artículo,0,-0.2,0.2
loco,0,1,0.6
villa,-0.2,0,0.6
perteneciente,0.2,-0.2,-0.4
conservar,0,0.2,-0.4
dia,0.6,0.2,0.8
importancia,0.4,0.4,0
seguridad,0.8,0.8,0.4
educación,0.8,0.8,0.8
pasado,0.4,-0.2,0.8
sector,0,-0.2,0.6
determinar,0.2,0.8,-0.4
declarar,0.2,1,0.6
posibilidad,0.4,0.2,0
dinero,0.8,0.6,1
experiencia,0.8,0.6,0.8
disfrutar,1,1,1
carácter,0.4,0.2,0
velocidad,0.2,0.4,0.4
operación,-0.2,0.8,0.4
decisión,0.4,0.8,0.2
preocupar,0,0.6,0.6
debutar,0.8,1,0.2
contestar,0.6,1,0.8
mencionar,0.4,0.6,0.6
sonar,0.4,0.8,0.8
quitar,-0.571,0.857,1
altura,0.2,-0.2,1
huir,-0.8,1,1
bosque,1,0.2,1
solo,0,-0.4,0.8
imperio,0.4,0,0.6
ordenar,0,1,1
residir,0,0.6,0.8
selección,0,0.4,0.8
fácil,0,-0.2,0.8
ministro,-0.2,0,0.8
dueño,0.2,0.6,1
tropa,0,0.6,1
propiedad,0.6,0,1
ruta,0.4,0.2,1
defensa,0.6,0.2,0.8
actor,0.4,0.8,1
reunir,0.6,1,1
despedir,0.2,0.6,0.8
trasladar,0.6,1,0.8
bailar,0.2,1,1
enfermedad,-0.8,0,0.8
entrada,0.4,0.2,0.8
firme,0.8,0.2,0.6
anunciar,0.6,0.6,0.8
busca,0.2,0.6,0.6
causa,0.4,0.4,0.2
atacar,-0.6,1,1
muerto,-0.6,-0.6,1
pareja,0.8,0.4,1
comercial,0.2,0.2,0.6
visitar,1,1,1
tirar,-0.2,0.6,0.8
relacionar,0.6,0.8,0.6
cabello,0.6,-0.2,0.8
artista,0.4,0.6,1
espíritu,0.6,0.2,0.8
invitar,0.8,1,0.8
local,0.2,-0.2,0.6
firmar,0.2,1,0.8
teoría,0.6,0,0.6
invierno,0.4,-0.2,1
objetivo,0.2,0.4,0.6
puente,0.6,-0.6,1
lentamente,0,0.4,0.8
imposible,-0.4,0,0.8
sostener,0,0.8,0.6
mercado,0.2,0.4,1
transformar,0.8,0.8,1
cadena,-0.8,0,1
personal,0.6,0.4,0.8
serio,0.2,-0.2,0.8
conocimiento,1,0.4,1
planeta,1,0.4,1
solamente,-0.2,0,0.2
comunicación,0.8,0.8,0.8
etapa,0.2,0.4,0.6
integrar,0.4,0.8,0.8
marca,0,0.6,0.8
categoría,0,0.2,0.4
longitud,0,0,0.4
peor,-0.6,0.2,0.2
campaña,0.2,0.6,0.2
moderno,0.4,0.4,1
colegio,1,0.8,1
vuelo,1,0.6,1
grabar,0.2,0.6,0.6
echar,-0.8,0.6,0.4
asomar,0.4,0.4,0.6
instituto,0.4,0.2,0.6
girar,0.6,1,0.8
novio,0.8,0.4,0.6
apoyo,1,1,0.6
tío,1,0,1
preferir,0.6,0.6,0.4
tamaño,0,-0.2,0.6
emplear,0.4,1,0.6
periodo,0,0,0.4
nave,0.4,0.2,0.8
material,0.2,-0.4,0.6
esfuerzo,0.6,1,1
amplio,0.8,-0.2,1
adquirir,0.2,0.6,0.8
tren,0.4,0,1
error,-0.8,0.4,0.4
secreto,-0.2,0.6,0.2
universo,0.6,0.6,0.6
desconocer,-0.6,-0.4,-0.4
federación,0,0.2,0
cuello,0.6,0.2,1
pintura,0.6,0.4,1
elevar,0.8,1,1
ilusión,0.6,0.8,0.4
grado,0,0,-0.2
palacio,0.8,-0.4,1
cámara,0.6,0.8,1
ruido,-0.6,0.6,1
listo,0.8,0.8,0.4
economía,0,0.8,0
actualidad,0,0.8,0.2
proponer,0.6,1,0.4
poesía,0.8,0.8,1
kilómetro,0,0.4,0.8
callar,0,-0.2,0.8
enseñar,1,1,1
público,0.2,0.2,1
sede,0,-0.4,0.8
aumentar,0.4,1,0.8
sorprender,0.8,1,0.8
cuidar,0.8,1,1
hospital,-0.2,0.6,1
ausencia,-0.8,-0.6,0.8
doler,-0.8,0.4,1
posterior,0,0,0.2
llanto,-0.6,0.6,1
cápita,0,-0.4,0.2
respirar,0.6,1,1
marchar,-0.2,1,1
noticia,0,0,0.8
frase,0.2,-0.2,0.8
próximo,0.2,-0.4,0.2
aproximadamente,0,-0.2,0.2
costar,0,-0.2,0.2
inicio,0.4,0.2,0.8
izquierdo,0.2,0.2,0.4
autoridad,0.2,1,1
vino,0.8,0,1
recuperar,0.4,1,0.8
protagonizar,0.4,1,0.8
comienzo,0.4,0,0.6
influencia,0.4,0.8,0.6
rápidamente,0.2,0.6,0.8
habitar,0.4,0.4,0.6
deportivo,0.6,1,1
nación,0.8,1,0.8
avión,0.6,0.6,1
tranquilo,1,0,1
expresión,0.2,0.6,0.4
raro,0.4,0,0.6
debajo,-0.2,-0.4,0.8
reducir,-0.4,0.8,0.2
diseño,0.6,0.6,0.4
festival,0.8,1,1
azul,0.8,0.2,1
tradicional,0.4,-0.2,1
adelante,0.4,0.2,1
cargar,-0.4,0.6,1
directo,0.6,0.8,0.8
proteger,0.8,1,0.8
pobre,-0.6,-0.2,0.8
placer,1,0.2,1
reloj,-0.2,0.2,1
caricia,1,1,1
motor,0.2,0.8,1
doctor,0.2,0.2,1
presente,0.8,0.4,0.4
completamente,0.6,0.6,0.6
página,0.2,0.4,1
playa,0.8,-0.2,1
robar,-1,0.8,1
señalar,-0.2,0.8,1
totalmente,0.2,-0.2,-0.2
vacío,-0.2,-0.4,0.6
incorporar,0.8,0.8,0.2
matrimonio,0.8,0.6,1
capitán,0.4,0.6,1
generar,0.8,0.8,0.2
salvar,1,1,0.8
señal,0.6,0,1
conducir,0.8,1,1
lago,1,0,1
caballo,1,1,1
golpear,-0.6,0.8,0.8
asi,0.2,0,-0.4
metal,0.4,-0.4,0.8
líder,0.4,1,0.4
lejano,-0.4,-0.4,0.6
abrazo,1,0.2,1
daño,-1,0,0.6
recoger,0.2,0.8,1
consecuencia,-0.2,0,0
encender,0.6,1,1
costumbre,0.2,0,0.2
baño,0.6,0.2,1
liga,0,-0.2,0.2
religioso,-0.2,0,0.4
gota,0.6,-0.4,1
dudar,-0.4,-0.4,-0.2
caja,0,-0.2,1
definir,0.6,0.6,0
atravesar,0.2,0.8,0.4
expresar,0.8,0.8,0.6
medio,-0.2,0,0.4
ave,0.8,0.8,1
soldado,-0.6,0.6,1
templo,0.4,0,0.6
calidad,0.6,0.4,0
envolver,0,0.2,0.6
sexo,0.8,1,1
clima,0.4,0,1
idioma,0.6,0.6,0.2
torneo,0.4,1,0.8
institución,0.2,0.4,0.2
gol,0.8,1,1
tradición,0.4,0.4,0.6
emitir,0.4,1,-0.2
independiente,0.8,0.6,0.2
puro,1,0.2,0.6
sabor,0.6,0.2,0.4
lento,0.2,0.6,0.6
afirmar,0.6,1,0
asunto,0.4,0.4,-0.6
maestro,0.6,0.8,1
asociación,-0.2,0,-0.6
vencer,0.8,1,1
revolución,0.8,0.8,0.2
consistir,0.333,0.333,-1
algo,0.2,0.2,-0.6
final,0.286,0.429,0.429
descansar,1,-0.5,0.625
funcionar,0.625,0.875,0.5
gusto,0.571,0.143,0.429
concepto,0.375,0,-0.625
temor,-0.75,0.25,0.875
conciencia,0.375,0.375,-0.125
introducir,0.25,0.875,0.875
hombro,0.3,0,1
rojo,0.2,0.1,1
fallecer,-0.8,-0.3,0.8
mamá,0.9,0.3,1
oído,0.2,0.3,0.9
geográfico,0.182,-0.091,0.273
erar,-0.286,0.286,-0.286
asegurar,0.454,0.818,-0.182
contemplar,0.636,-0.091,0.818
esquina,0.083,0,1
cuanto,0.111,0,-0.333
gato,0.727,0.182,0.909
encargar,0.1,0.8,0.4
estadio,0.333,0.111,1
curso,0.111,-0.111,0.778
recién,0.25,0.375,0.625
animar,0.714,0.857,0.571
foto,0.571,-0.429,0.857
terreno,0.286,-0.429,1
locura,-0.143,0.857,0.429
corte,-0.333,0,0.5
salud,0.6,-0.4,0.6
auto,0,0.4,1
temperatura,0,0.4,0.6
intención,0,0,-0.333
dividir,-0.167,0.5,0.333
mentira,-0.167,0.333,0.667
desnudo,0.333,-0.167,1
depender,-0.4,0,0.4
cristal,0.4,-0.6,0.8
marcha,-0.167,0.333,0.5
tarea,0,0.333,1
superar,1,0.857,0.286
crítico,0.143,0.571,0.429
frontera,0,-0.714,0.429
evento,0,0.714,0
apagar,-0.143,0.429,0.571
teléfono,0.125,0.125,0.75
haz,0.375,0.25,0
profesional,0.375,0.25,0.25
clásico,0.625,-0.375,0.125
tono,0.125,-0.125,-0.375
primero,0.75,0.5,0.5
controlar,-0.25,1,0.25
derecha,-0.25,-0.25,0.5
cocina,0.625,0.125,0.875
disputar,-0.222,0.778,0
raíz,0.222,-0.111,0.556
seco,-0.222,-0.333,0.333
mediar,0.667,0.778,0
designar,0,0.375,0
gesto,0.5,0.333,0.333
detalle,0.6,-0.2,0.4
olvido,-1,-0.2,0.6
confundir,-0.5,0,0.833
diario,0.286,0.143,0.286
punta,0,0.286,0.571
ambiente,0.714,-0.286,0.429
comida,1,0,1
administración,0,0.167,0.5
recurso,0.333,0.167,0.333
contacto,0.667,0.667,0.5
literatura,1,0.167,1
guitarra,1,1,1
mensaje,0.333,0.167,0.667
completar,0.429,0.571,0.571
acceso,0.143,-0.143,0
gris,-0.143,-0.714,0.857
iluminar,0.714,0.571,0.714
soportar,-0.75,-0.25,0.375
igual,0.286,0.143,0.286
método,0.286,0.286,0
herir,-0.857,1,0.714
aragón,0,-0.4,-0.2
claro,1,-0.167,0.667
finalizar,0.8,1,0.4
rincón,0.2,0,1
concierto,0.833,0.5,1
defender,0.5,0.667,0.5
odiar,-1,0.667,0.167
hasta,-0.167,-0.167,-0.167
masa,0.167,-0.167,0.333
fundación,0.5,0.5,-0.167
límite,0.143,0.571,0.571
privar,-0.833,0.167,-0.167
federal,0.4,0,-0.4
rayo,0.2,1,1
congreso,0,0.4,0.4
pretender,0,0.6,-0.2
saltar,0.8,0.8,1
coleóptero,-0.4,0.4,-0.2
instalar,0.2,0.8,0.2
hueso,-0.4,-0.8,1
pan,1,-0.2,1
entero,0.2,-0.2,0.2
valer,0.6,0.2,-0.6
generalmente,0,0.2,-0.4
inmediato,0,0.8,0.2
rumbo,0.429,0.143,0.571
inmenso,0.6,-0.4,0.8
impedir,-0.8,1,0.6
sorpresa,1,0.6,0.4
extrañar,-0.6,0.4,1
compuesto,0,0,0
estudiante,0.8,0.8,1
pleno,0.714,0.286,-0.286
diseñar,0.4,1,0.2
san,0.6,0.2,0.2
paisaje,0.857,-0.286,0.857
armar,0.571,0.857,0.714
generación,0.143,0,0.143
reflejar,0.286,0.143,0.857
acordar,0.8,0.2,1
culpa,-1,0,0.4
medir,0,0.833,0.667
emoción,0.833,0.5,0.333
morfología,0,-0.333,-0.833
cuestión,-0.2,-0.2,-0.4
emperador,0,0.2,0.8
arena,0.8,0,1
ritmo,0.8,0.4,0.4
misión,0.2,0.2,0.6
durar,0.2,0.2,0.8
conflicto,-0.833,0.333,0.833
descripción,0,0.2,0.2
rico,1,0.4,1
brillar,1,0.6,1
aeropuerto,0.2,0,1
aprovechar,0.4,0.8,0.8
the,0,0,-0.2
viejo,-0.2,-0.2,1
constante,0.2,0,0.8
biografía,0.333,0,0.5
silla,0.167,-0.5,0.833
dicha,0.833,0.167,0.667
justo,0.667,-0.167,0.5
coordenada,0,0,0.833
negocio,0.167,0.167,0.5
visión,0,0.667,0.5
ultimar,-0.333,0.5,0.167
mejor,0.667,-0.167,0.167
local,0.167,-0.167,0
participación,0.667,1,0.5
justicia,0.833,0.5,0.667
gobernar,0.4,0.8,0.8
pintar,0.8,1,1
diente,0,0,1
interesar,0.6,1,0.6
aparición,0,0.2,1
localizar,0.4,1,0.4
técnico,0.4,0.2,0.8
artístico,0.6,0.4,0.6
convencer,0,0.8,0.6
particular,0,-0.2,-0.2
asustar,-0.8,1,1
hábitat,0.2,-0.2,0.4
enemigo,-0.8,0.6,0.8
mezclar,0.2,0.8,1
requerir,0,0.4,-0.2
literario,0.8,-0.4,0.4
primavera,0.8,0.2,1
escalera,0.2,0.2,1
médico,0,0.2,1
colección,0.2,-0.2,0.2
instrumento,0.4,0.4,1
intenso,0.4,0.2,-0.2
quizá,0.2,-0.4,-0.4
carga,-0.2,-0.2,-0.2
vehículo,0.2,0.4,0.6
invadir,-0.8,1,0.6
ocultar,-0.2,0,0.6
dejo,0,-0.8,-0.2
referencia,0.2,-0.2,-0.8
secretario,0,0.4,0.8
humanidad,0.8,0.2,0.6
comentar,0.4,0.8,0.6
actuación,0.4,1,0.8
guardia,0.2,0.4,0.6
dibujar,1,1,1
destinar,0.2,0.6,-0.2
escenario,0.4,0,0.6
combate,-0.6,1,0.4
visita,0.4,0.6,0.4
hambre,-1,0.6,0.6
alimento,0.8,0.4,0.8
femenino,1,0.8,0.6
quemar,0.2,0.8,0.8
doble,0.2,0,0.2
ingresar,0.4,0.8,0.4
asesinar,-0.4,1,0.8
academia,0,-0.4,0.6
regalo,0.8,0,0.6
probablemente,0.2,0.2,-0.2
conformar,0.2,0.4,-0.4
muro,-0.2,-0.2,1
tender,0,0.6,0.4
coche,0.4,0.4,0.8
aéreo,0.4,0.6,0.8
eléctrico,0,0.833,0.667
castilla,0,-0.2,-0.2
plaza,0.5,0.667,1
húmedo,-0.167,-0.167,0.833
cuadro,0.2,-0.8,1
rosa,0.4,-0.4,1
cariño,0.8,1,0.8
aplicar,0.2,0.8,-0.4
mejorar,0.8,1,0
breve,0.2,0.2,-0.2
atrapar,-0.4,0.8,0.2
escudo,-0.2,0.2,1
campeón,0.6,1,0.6
otorgar,0.6,1,0.2
lenguaje,0.4,0.4,0.2
monte,0.2,-0.2,1
extremo,0,0.4,0.2
ejercer,-0.2,1,0
flotar,0.6,0.2,0.8
diario,0,0.4,1
probar,0.8,1,0.4
fase,0,-0.6,-0.4
industria,-0.2,0.6,0.8
afectar,-0.4,1,0
deslizar,0.2,1,0.8
marido,0.2,0,0.8
contrato,0,0.2,0.6
arqueológico,0,-0.4,1
liberar,0.8,1,0.6
caballero,0.6,0.6,0.8
alimentar,0.8,1,1
variar,0.4,0.6,0.4
orilla,0.333,-0.5,1
inferior,-0.4,-0.4,0.6
hotel,0.833,-0.333,1
salón,0.333,-0.333,1
sala,0.2,-0.4,1
máquina,0,0.8,0.8
biblioteca,0.8,-0.4,1
materia,0,-0.2,0
infierno,-0.8,0.2,0
fijar,0.4,1,0.6
repente,0,0.2,-0.8
extensión,0.4,-0.4,0.4
regreso,0.6,0.8,0.6
solitario,-0.2,-1,0.8
representación,0.4,0.4,-0.2
comisión,-0.2,0.6,0.6
publicación,0.6,0.6,0.6
aliento,0,0.6,0.6
asumir,0.2,0.8,0.4
exterior,0,-0.4,0.4
techo,0.4,-0.2,1
tecnología,0.2,0,1
directamente,0.4,0.6,0.8
conversación,1,1,1
físico,0.4,-0.2,0.6
voluntad,0.667,0.667,0.333
absoluto,0.167,0.5,0.167
actriz,0.333,0.5,1
horizonte,1,-0.667,0.833
sur,0.833,-0.167,0.833
polvo,0,0.167,1
tormenta,0,0.833,1
susurrar,0.667,0.5,1
caracterizar,0,0.833,0.333
periódico,0.2,0,0.8
típico,0.2,0,0.2
juventud,0.6,0.2,0.8
botánico,0.6,-0.2,0.6
princesa,0,-0.2,0.8
política,-0.2,0.4,0.4
brillante,0.4,0,0.8
rama,0.2,-0.4,0.8
presión,-0.4,0.4,0.4
transporte,-0.2,0.8,0.8
prestar,0.4,0.2,0.6
llegada,0.6,0.6,0.6
añadir,0,0.6,0.8
labor,0.2,1,0.8
respecto,0,0,-0.4
religión,-0.4,0,0.8
precio,-0.2,0.2,0.8
distinguir,0,0.6,0.6
rechazar,-0.6,0.4,0.8
brisa,1,0.4,0.8
verso,-0.4,0.4,0.4
aroma,0.8,0.6,0.8
oponer,0,0.6,0.8
montar,0.8,0.8,0.8
columna,0.2,0.2,0.8
mierda,-0.4,0.2,0.8
falso,-0.6,0.2,0.6
solución,0.4,0.6,0.6
escaso,-0.4,0,0.4
arrancar,0,0.6,0.8
amante,0.6,0.6,0.8
susurro,0.8,0.4,0.8
código,0.4,0.4,0.8
búsqueda,0.2,1,0.8
constitución,0.4,0.2,0.4
patio,0.4,0,0.8
voto,0.4,0.8,1
regional,0.2,0,0.8
pérdida,-0.8,-0.4,0.4
imponer,-0.6,1,0.2
mágico,0.6,0.2,-0.2
documento,0,-0.2,0.8
fantasma,-0.2,0,0.6
gira,0.2,0.6,0.4
capilla,-0.2,-0.2,0.8
leyenda,0.6,0,0.2
interior,0.4,0,0.4
mejilla,0.6,-0.2,0.8
pedazo,0,0,0
sección,0,0.2,-0.4
pájaro,1,0.6,0.8
demonio,-0.6,0.4,0.4
obispo,-0.2,0.2,0.6
suspiro,1,0,0.6
humo,-0.2,0,0.6
papa,0.2,-0.2,0.8
roca,0.2,-0.6,0.6
víctima,-0.6,-0.6,-0.4
colgar,0,0.6,0.2
individuo,0,-0.2,-0.4
titular,0,0.2,-0.2
ajeno,0,0,-0.4
crecimiento,1,1,0
variedad,0.8,0,0.4
príncipe,0.6,0.2,0.8
alumno,0.6,0.2,0.8
frecuencia,0,0.4,-0.4
terrible,-0.4,0.4,0.6
merecer,0.4,0.2,0.2
caída,-0.4,0.6,0.8
dólar,0,-0.6,1
deporte,0.8,1,0.8
provenir,0,-0.4,-0.4
llave,0.167,-0.5,1
compositor,0.833,0.5,0.333
latir,0.833,1,0.667
aplicación,0.167,0.333,0.167
presente,0.333,0,0.167
exposición,0.333,0.667,0.833
interno,0.167,-0.167,-0.333
sexual,0.857,1,1
máximo,0.333,0.333,0.5
actitud,0.5,0.833,0.833
carcajada,1,1,1
catedral,0.8,-0.2,1
encerrar,-0.6,0.6,1
arrastrar,-0.8,1,1
católico,0,0,0.6
devolver,0.4,0.8,0.8
relato,0.6,0.4,1
composición,0.4,0.4,0.4
nacimiento,0.8,0.4,1
asentamiento,-0.4,0.2,0.8
símbolo,0.6,0,0.8
contenido,0.4,0.2,0
vestido,0.8,-0.2,1
crisis,0,0.4,0.4
magia,1,0.8,0.6
video,0.2,0.2,0.6
científico,0.8,0.4,0.8
papá,1,1,1
barco,0.8,0.6,1
comandante,0,0.8,0.6
banda,0.6,0.2,0.2
continuo,-0.2,-0.6,0.2
comercio,0,0.2,0.6
seriar,-0.2,0.6,-0.2
resolver,0.4,1,0.2
cola,0.4,-0.4,0.8
duque,0,-0.6,0.4
inspirar,1,0.4,0.2
diputado,-0.6,0.2,1
familiar,0.6,0.4,0.8
dominio,0.2,0.4,0.2
derecho,0.2,0,-0.2
filosofía,0.6,0,0
reinar,0,1,0.8
caber,0.2,0.6,0.6
eliminar,0,1,1
and,0,-0.2,0
regalar,1,1,0.8
esencia,1,-0.8,1
toma,0.2,0.8,0.2
derivar,0.4,1,0.4
pegar,-0.4,1,0.8
vaso,0.2,-0.2,1
normal,-0.2,-0.4,0
ligero,0.8,0,0.4
régimen,-0.6,0,0.2
gobernador,-0.4,0.4,1
amanecer,1,-0.4,1
cantante,0.8,0.8,1
activo,0.4,0.8,0
divino,0.6,-0.6,0.4
sobrevivir,0,0.8,0.6
reconocimiento,0.8,0.8,0.4
infinito,0.8,-0.4,-0.6
monumento,0.4,-0.8,0.8
madera,0.6,-0.4,1
arquitectura,0.4,-0.4,0.4
graduar,0,0.8,0.4
asistir,0.4,1,0.8
ola,0.6,0.6,1
candidato,0,0.2,0.4
círculo,0.4,-0.2,1
pobreza,-0.8,-0.2,0.8
volumen,0.2,0,-0.2
prometer,0,0.6,0
cerebro,0.2,0.6,0.6
interior,0.2,-0.2,0.4
espada,0.4,1,1
opinión,0.4,0.8,0
nota,0.6,0,0.4
odio,-1,1,0.6
sierra,0,0,1
botella,0,-0.4,1
partida,0,0.2,0.2
prohibir,-0.8,0.2,0.4
citar,0,0.2,0.2
acá,0.2,-0.2,-0.2
proporcionar,0.4,0.6,0.4
núcleo,0.4,-0.2,0.2
práctico,0,0.4,0
izquierda,0.4,0.4,0.8
identificar,0,0,0.2
general,0.2,-0.2,0.4
disparar,-0.4,1,1
nariz,0,0.2,0.8
constitucional,0.6,0.6,-0.2
transmitir,0.2,1,0.2
infancia,1,0.4,1
océano,1,0.8,1
editar,0.2,0.6,0.4
encima,0.4,0.4,0.6
instalación,0,0.4,0.2
periodista,0,0.6,1
perseguir,-0.4,1,0.4
enterar,0.2,0.4,-0.4
peligro,-1,0.8,0.4
vivienda,0.8,0,1
macho,0,1,1
grabación,0.2,0.4,0.8
garganta,0.2,0,0.8
zapato,0.4,0,1
aventura,0.8,1,0.4
grave,-0.4,0,-0.2
reacción,0.2,0.8,0
aferrar,0.4,0.6,0.4
dibujo,0.8,-0.2,1
americano,0.2,-0.2,0.4
inmediatamente,-0.2,0.6,0
amistad,1,0.5,0.667
desierto,0.333,0,0.667
revelar,0.333,0.667,0.333
marco,0.167,-0.5,1
hundir,-0.667,0.5,1
ferrocarril,0.667,0.667,1
secundario,0.167,0.167,0.333
tumba,-0.5,-0.667,1
temblar,-0.5,0.5,0.833
salar,0,0.333,0.667
exponer,0.4,0.6,0.4
sabio,1,0.8,0.6
atrever,0.4,0.6,0.2
acostumbrar,-0.2,-0.2,0
estrenar,0.4,1,0.4
pintor,0.6,0.2,1
habia,0.4,-0.6,-0.4
capítulo,0.2,0.2,0.4
circunstancia,-0.2,0.2,-0.4
bolsillo,0.2,-0.8,1
operar,0,0.6,0.6
reflejo,0.4,-0.4,1
sucio,-0.8,-0.4,1
militar,-0.6,0,1
asiento,0,-0.8,1
músico,0.8,0.2,1
comunicar,0.6,0.6,0.8
ligar,0,0.667,0
atraer,0.8,0.6,0.2
molestar,-1,0.8,0.6
registrar,0,0.6,0.2
herido,-0.8,-0.8,1
ancho,0,0,1
ministerio,-0.2,-0.4,0.2
comentario,0.4,0.6,0.6
habitual,-0.2,0,0
consumir,-0.2,0.6,0.6
propósito,0.8,0.2,-0.6
básico,0,-0.2,-0.2
bar,0.4,-0.6,1
inventar,1,1,0.8
torno,-0.2,0.4,0.8
ayuntamiento,-0.167,0.167,0.167
mínimo,0,0,0
agregar,0,1,0.5
tratamiento,-0.333,0.667,0.667
facultad,0.333,0,0.667
cristo,0.333,0.167,1
nervioso,-1,0.6,1
inaugurar,0.5,1,1
condenar,-0.667,1,0.5
profundidad,0.333,-0.333,0.5
profesional,0.333,0.333,0.333
bonito,1,-0.5,0.833
buque,0,-0.167,1
confirmar,0,0.833,0.167
latino,0.4,-0.2,1
personalidad,0.2,0.2,-0.4
huella,0,-0.2,1
protección,0.4,1,0.8
moneda,0,-0.6,1
apreciar,0.8,1,0.2
juicio,-0.2,0.8,0.8
bolsa,0,-0.4,1
expedición,0.8,1,1
estremecer,-0.2,1,0.4
trabajador,0.2,0.8,0.8
tropical,1,0,1
coger,0.4,0.8,1
ciento,0,-0.2,-0.4
pantalla,0,-0.4,0.6
entorno,0.2,-0.6,-0.2
interpretación,0.2,0.8,0
verme,0.2,0.6,0.4
patrón,-0.2,0,0.8
misterio,0,0.6,0.4
clasificar,0.2,0.8,0.6
riesgo,-0.8,0.6,0.8
angustia,-0.8,0,0.8
infantil,0.4,0.6,0.8
saludar,0.6,1,0.6
tienda,0.2,0.4,0.6
célula,0,0.6,0.6
gemir,0,0.2,0.6
accidente,-0.8,-0.2,1
parroquia,0.4,-0.2,0.6
desempeñar,0.6,0.6,0.2
testigo,0,-0.2,0.8
tomo,0,-0.4,0.2
coronel,0.2,0.6,0.8
capital,-0.2,0,-0.2
tierno,1,0.4,1
adoptar,0.8,1,1
pasillo,0,-0.2,0.8
dominar,0.2,1,1
habilidad,0.8,0.8,0.8
protagonista,0.8,0.8,1
espectáculo,0.4,0.2,1
pista,0.4,-0.2,0.4
melodía,1,0.4,1
percibir,1,0.2,0.6
promesa,0.8,0.6,0
ternura,1,-0.4,0.8
soltar,0.2,0.6,1
superior,0,0.2,0.6
factor,0,0,-0.4
conquistar,0,1,0.8
conceder,0.2,-0.2,0.2
discográfico,0,-0.2,-0.2
charlar,0.6,1,1
hielo,-0.4,-0.4,1
maravilloso,0.8,0.2,0.8
estatal,-0.2,-0.2,-0.4
regla,0.2,-0.2,1
lanzamiento,0.2,0.8,0.6
corazon,0.6,0.4,1
explicación,-0.2,0.6,0.4
maestro,0.4,0.6,0.6
técnica,0.4,-0.2,0
cliente,0.2,0.4,0.8
químico,0,0,0.6
amenazar,-0.8,0.8,0.8
argumento,0,0,0.4
fantasía,1,0.4,0.8
presidir,0.2,1,0.2
costa,0.8,-0.6,1
complejo,0,0.2,0.6
fino,0.2,-0.6,0
oculto,0,-0.2,-0.2
bastar,-0.2,0,-0.4
forzar,-0.6,0.4,0.6
diócesis,-0.2,0,0
show,0.4,0.6,0.8
futbolista,0.4,0.8,1
opción,0.4,0.2,0.4
fresco,0.8,-0.2,0.8
cálido,1,-0.2,1
autónomo,0.2,0.4,0.4
sello,0,-0.6,0.8
diferenciar,0,0.8,0
trayectoria,0.2,0.4,0.8
enterrar,-0.6,0.4,1
anciano,0.6,-0.4,1
ejecutar,-0.4,0.8,0.6
reforma,0.2,1,0.6
fama,0.4,0.2,0.8
monasterio,0.2,-0.4,0.6
maldito,-1,0,0.8
encantar,0.8,0.8,0.6
carretero,0,-0.2,0
confianza,1,0.2,0.8
brillo,0.8,0.4,1
representante,0.2,0.2,0.6
ascender,0.8,1,0.8
concluir,-0.2,0.6,0.4
cigarrillo,0,-0.2,1
latino,0.4,-0.2,1
presentación,0.4,0.8,0.8
transportar,0,1,1
centrar,0.4,0.8,0.6
capturar,0.2,1,1
medalla,1,0.6,1
análisis,0.8,1,0.4
acceder,1,1,0.6
carro,0.2,0.4,1
dimensión,0.4,-0.2,0.4
arquitecto,0.2,0.6,1
cruel,-1,1,0.8
leche,0.2,0,1
colaborar,0.8,1,1
salida,0.4,-0.4,0.6
internet,0.4,0.4,1
cueva,0,-0.4,1
sustituir,-0.2,1,0.4
pronunciar,0,0.6,0.6
provincial,0.2,0,0.4
copar,0.2,0.8,0.2
olímpico,1,0.4,1
trato,0,0.8,0
ceder,0,0.6,0.6
registro,0,0,0.6
sacerdote,0.2,0.6,0.6
gonzález,0,0,0
jamar,0,0.2,-0.4
héroe,0.8,0.6,1
originalmente,0.2,-0.2,0.2
carretera,0.4,-0.4,1
elaborar,0.6,1,0.6
fabricar,0.8,1,1
reemplazar,0.2,1,0.8
acudir,0.4,0.8,0.8
dama,0.8,0,0.8
copia,-0.2,-0.2,0.4
eco,0.2,0,0.6
cerveza,0.4,-0.2,0.8
asamblea,0.2,0.8,0.8
alegre,1,0.4,0.8
poderoso,0.4,0.8,0.8
normalmente,0.2,0,-0.4
espera,0,-0.4,0.2
banco,0.4,-0.6,0.6
vacío,-0.4,-0.2,0.6
lindo,0.8,0.2,0.8
alianza,0.6,0.4,0.8
violencia,-1,1,0.8
cementerio,-0.8,-0.8,0.6
equivocar,-0.4,1,0.6
cañón,-0.4,0.8,0.8
entidad,0,0.4,-0.2
pequeño,0.8,-0.4,0.8
apretar,-0.2,0.8,0.4
fenómeno,1,0.8,0.8
bañar,0.6,0.8,1
descanso,1,-0.6,1
pantalón,0.2,0.4,1
concentrar,1,1,0.2
interesante,1,0.8,0.2
logro,1,0.8,0.4
rural,0.6,0.2,0.8
disponible,0.6,0.2,0.6
muestra,0,-0.2,0.6
descender,0.4,0.8,0.6
desesperar,-0.6,0.2,0.6
clavar,0,0.8,1
arrojar,0.2,0.8,0.8
acontecimiento,0.6,0.2,0.2
conectar,0.6,1,0.6
informar,0.6,1,0.8
cultivo,0.5,0.333,0.833
conocido,0,0,0.4
fila,-0.2,-0.8,0.6
agradecer,0.8,1,1
secar,0,0.2,0.8
apuntar,0,0.6,0.4
agente,-0.2,0.4,0
practicar,0.4,1,0.6
proyectar,0.8,0.4,0.8
hierro,-0.4,-0.8,1
criatura,0.6,0,0.6
cadáver,-0.6,-1,1
competencia,-0.4,0.8,0.4
mancha,-0.6,-0.6,1
alba,0.6,-0.8,0.2
someter,-1,1,0.4
transcurrir,0.2,-0.6,0
atender,0.4,1,0.8
asesinato,-1,0.6,0.8
fábrica,0,0.2,0.8
otoño,0.6,-0.6,1
rodar,0.2,0.8,1
organismo,0,0.6,0
ingeniero,0.2,0.8,0.8
electrónico,0.2,0.2,0.6
imaginación,1,0.2,-0.2
juez,-0.2,0.6,1
cristiano,0.6,0.2,0.6
localización,0,-0.2,0
vientre,0.6,0.2,0.8
vicepresidente,0.2,0,0.8
umbral,-0.2,-0.6,-0.4
encabezar,0.4,0.8,0.8
mapa,0,-0.8,1
anual,-0.2,-0.2,0.2
rodilla,0.2,0.2,1
dificultad,-0.4,0.4,0.4
reciente,0,0.2,-0.2
curiosidad,0.6,0.6,0
únicamente,0,-0.2,0
órgano,0,0.2,0.6
plato,0.4,0,1
prensa,0.2,0.6,0.4
interrumpir,-0.6,1,0.6
ciudadano,0.6,0.6,0.8
calma,1,-0.6,1
ópera,1,0.6,1
formato,0,-0.4,-0.2
sugerir,0.4,1,0
figurar,0,0.4,-0.8
borde,0,0,0.667
experimentar,0.667,1,0.5
débil,-0.6,-0.6,0.6
enseñanza,0.8,1,1
ignorar,-0.4,0.6,0
portar,0,0.4,0
tabla,0.2,-0.4,0.8
perdón,0.8,1,0.2
sumar,0.4,1,1
excepción,0.2,0.6,-0.4
aprobar,1,1,0.6
continuación,0.2,0.4,-0.2
sudor,-0.8,0.4,1
fiel,0.8,0.8,0.6
contrario,0.2,0.4,0.4
tribu,0.4,0.4,1
traje,0.2,-0.4,1
dulzura,1,0,0.8
nocturno,0.6,0,0.8
múltiple,0.2,0.2,0.2
confiar,1,0.6,0
cometer,-0.2,0.6,-0.8
sufrimiento,-0.8,0.2,0.4
asociar,0.2,0.6,0.6
combatir,-0.4,0.6,0.8
capa,0.2,-0.2,1
paseo,1,0.6,1
agricultura,0.4,0.4,0.8
lectura,0.8,0.8,1
rendir,0,0.2,0.6
coordenado,0,0,-0.2
cuidado,0.6,1,0.6
nieve,0.6,0.2,1
clasificación,0,0.6,0.6
preciso,0.2,0,0.6
celular,0,0,0.2
nieto,0.8,0,1
vena,-0.2,-0.4,1
piano,0.8,0.2,1
pasear,1,1,1
ámbito,0,-0.2,-0.2
debut,0.6,1,0.4
avenir,0.6,0.8,0
identidad,0,0,0
colaboración,1,1,0.4
medicina,0.4,0.4,0.8
exigir,-0.4,1,0.6
venta,-0.2,1,0.8
denominación,0,0.2,-0.2
temprano,0.4,0.4,0.4
recostar,0.4,0,0.4
infraestructura,0.4,-0.2,0.6
peligroso,-0.4,0.8,0.6
fundamental,0.6,0.2,0.2
lobo,0,0.2,1
médico,0.6,0.6,1
península,0.2,-0.6,0.8
perdonar,0.6,1,1
fijamente,0.2,1,0.2
mio,0.4,0.6,0.8
promedio,0.2,0,0.6
evolución,0.8,0.8,0
estatua,0.2,-0.8,1
coalición,-0.6,0.8,0.4
tribunal,-0.6,0.4,0.4
llover,0.4,1,1
potencia,0.6,0.4,0.2
seguramente,0.6,-0.2,0
comportamiento,0.2,0.6,0.4
invasión,-0.2,1,0.8
valle,0.8,-0.8,1
noreste,0,-0.4,0.2
cuadrar,-0.2,0.6,-0.8
asesino,-0.8,1,0.4
brotar,0.2,1,0.4
infinito,0.4,-0.6,0
camisa,0.2,-0.6,1
semilla,0.6,-0.2,0.8
respeto,1,0.2,0.4
fotografía,0.6,-0.4,1
pesar,-0.6,-0.6,0.2
distribuir,0,0.6,0.4
indio,0,-0.6,0.4
alcohol,0.2,0,0.8
taller,0.2,0,1
proceder,0,0.6,0
presa,-0.6,-0.4,0.8
onda,1,0.4,0.8
pelear,-0.6,1,0.8
prácticamente,0.4,0.2,0.2
correcto,0.8,0.2,0.6
retablo,0,-0.4,-0.2
existente,0.2,0.2,0.6
aguardar,-0.6,-0.8,0.4
mojar,0.2,1,0.8
fijo,0,-0.6,0.2
recorrido,0.2,0.4,0.6
arco,0.4,0,0.8
mental,0.6,0.4,0.2
televisivo,-0.2,0.2,0.6
tesoro,1,-0.6,0.6
ciclo,0,0.6,0.6
murmurar,-0.6,1,0.8
oler,0.4,1,0.8
responsabilidad,0.2,0.6,0.6
historiador,-0.2,0.2,0.4
abogado,0,0.8,0.6
corriente,-0.2,0.6,0.6
respiración,0.6,1,1
you,0.4,0.4,0.6
concurso,0.4,0.8,0.4
amarillo,0.4,0.2,1
científico,0.8,0.8,0.8
eternidad,0.4,-0.4,0.2
mariposa,0.6,0.4,1
anillo,0.2,-0.6,0.8
baile,1,1,1
limpio,1,0.2,1
humano,0.8,0.8,0.8
calmar,1,0.6,1
individual,0,0.4,0.2
orgullo,0.2,0.8,0.8
altitud,0,-0.2,0.2
apariencia,0.4,-0.4,0.8
definitivamente,0,0,0.4
reserva,0.2,-0.4,0.4
extenso,0,-0.4,0.2
huevo,0.2,0,0.8
adecuar,0.8,0.8,1
escultura,0.833,-0.333,1
cesar,0,0.667,0.833
trono,-0.2,-0.2,0.6
comité,-0.2,0,0.8
acusar,-0.6,0.4,0.8
gestión,-0.2,0.2,0.6
selva,1,0.6,0.6
bahía,1,-0.2,0.8
estrellar,-0.2,1,1
solicitar,0.4,0.6,0.2
nba,0,0,0.2
terror,-0.6,0.8,0.6
brindar,1,1,1
grabado,0.6,-0.2,1
tratado,0.2,0,0.4
triunfo,0.8,0.8,0.8
fundador,0,0.8,0.4
sangrar,-0.8,0.2,1
entrenador,0.2,0.6,0.8
sagrado,0.2,-0.2,-0.2
crimen,-1,0.2,0.2
national,0.2,0.2,0
promover,0.6,0.6,0.2
conquista,0.6,0.4,0.6
oreja,0.2,-0.2,1
prisión,-0.8,-0.2,0
sendero,1,0.4,1
virgen,0.4,0.2,0.2
resistir,0.2,0.6,0.4
tambien,0.8,0.6,0.2
crítica,0.4,0.8,0.2
arroyo,1,0.6,1
justo,0.6,0.6,0.6
traducir,0.4,0.2,0.6
vaciar,-0.2,0.2,0.2
agarrar,0.2,0.4,0.6
adentro,0.4,-0.4,0.8
porqué,0,0,0
permanente,0,0.6,-0.2
reclamar,-0.8,0.8,0.8
oficialmente,0,0.2,0
abismo,-0.6,-0.6,0.2
oposición,-0.4,0.8,0.6
ahogar,-1,1,0.8
competición,0.4,1,1
futuro,0.8,0.8,-0.4
militar,-0.2,0.6,0.6
característico,0,-0.4,0
democrático,0.6,0.4,0.6
freír,-0.2,0.8,1
puta,-0.4,0.8,0.4
electoral,-0.2,0.8,0.8
delgado,0.4,0.2,0.6
aldea,0.4,0.2,0.8
albergar,0.6,0.8,0.6
lector,1,0.8,1
poblar,0.2,0.8,0.6
extranjero,0.2,0,0.6
virtud,0.8,0.2,0.6
virgen,-0.2,-0.2,0.6
adulto,0.2,0.2,0.8
pesadilla,-0.8,0.4,0.4
multitud,-0.8,0.6,1
dorar,0.4,0.8,0.8
jurar,-0.2,0.6,0.4
previo,0,0,0
inteligencia,0.8,0.8,0.8
herramienta,0.4,0.6,0.8
contrario,0,0.2,0
apertura,0.2,0.2,0.4
aliado,0.8,0.2,0.4
lavar,0.8,1,1
presidencia,0,0.6,0.8
programar,0.8,0.8,0.8
cantante,0.4,0.4,0.8
pago,0.2,0.2,0.8
primario,0.4,0.4,0
gozar,1,0.8,0.8
suceso,0,0,0
acostar,0.4,0.8,0.4
grande,0.2,0.4,0.4
reunión,0.6,0.6,1
nostalgia,0,0,0.2
advertir,0,0.8,0.6
solista,0.6,0.6,1
conversar,0.6,1,1
impulsar,0.4,0.8,1
silencioso,0,0.2,0.8
recientemente,0.2,0.2,-0.2
mezcla,0.2,-0.2,0.2
herida,-1,0.8,1
primo,0.2,0.2,0.2
murmullo,-0.4,1,0.6
agitar,0.2,1,0.8
batería,0,0.4,0.8
rutina,-0.8,0.2,0.2
milagro,0.8,0.4,-0.4
tramo,0,0,-0.2
cabecera,0,0.2,0.2
familiar,0.8,0,0.2
bien,1,0.4,0.4
contribuir,1,0.6,0.8
arquitectónico,0.6,0.2,0.2
declaración,0,1,-0.2
dias,0,0.2,0.6
llama,0.4,0.4,1
ascenso,0.6,1,0.6
ama,-0.2,0.2,0.2
excelente,1,0,0.2
fluir,0.4,0.8,0.2
audiencia,0.4,0.2,0.2
riqueza,0.8,0,0.4
modificar,0.4,1,0.6
vela,0.4,-0.2,1
engañar,-1,1,1
exitoso,1,0.6,0.2
loco,0,0.2,0.8
indígena,0.2,0.4,1
miel,0.6,-0.6,1
mentir,-0.8,0.8,0.8
tendencia,0.2,0,-0.8
piedad,0.2,0.4,-0.8
solar,0.6,0.2,0
turismo,1,1,1
moral,1,0.2,-0.6
borrar,0,1,-0.2
decreto,0,0.6,-0.6
definitivo,0,0.4,-0.8
aqui,0.4,-0.2,-0.4
cura,0.2,-0.2,0.4
especializar,0.2,0.6,-0.6
fumar,-0.6,1,1
droga,-0.8,0.8,1
monje,0.2,-0.2,0.6
azul,0.8,-0.6,1
notable,0.4,-0.2,-0.4
oriente,0.2,-0.2,0
vidrio,0.2,-0.6,1
renta,-0.2,-0.2,0.2
amigo,1,0.4,0.8
pato,0.6,0.6,1
precioso,1,-0.4,0.4
pluma,1,0.2,1
atar,-0.2,0.8,1
satisfacer,1,1,0
caliente,0.4,0,1
agrupar,0,0.8,1
nominar,0.2,0.8,0.2
posesión,0,0.4,0
respetar,1,0.8,0.6
precisamente,0.2,0,0
implicar,0,0.4,0
editorial,0.2,0.2,0.8
misterioso,0,0,0.2
impacto,-0.2,0.6,0.6
margen,0,0,0.2
descubrimiento,1,0.8,0.8
constar,0,-0.2,-1
sabio,1,0.2,0.6
isleño,0.2,0,0.6
cárcel,-0.6,-0.4,0.6
tradicionalmente,0.4,0,-0.2
manifestar,0,0.6,0.4
invisible,0,0,0.6
propuesta,0.6,0.8,0.2
universitario,0.8,0.6,0.8
paular,0,0,-0.6
divertir,0.8,0.8,0.4
rueda,0.4,0.6,1
ventaja,0.2,0.4,0
ubicación,0,-0.4,0.2
patrimonio,-0.2,0,0.2
vano,-0.4,-0.4,-0.6
signo,0.2,-0.2,0.2
bestia,-0.2,0.4,1
convento,-0.6,-0.6,1
pico,0.4,0.6,0.8
tour,0.6,0.8,0.6
comprobar,0.6,1,0.4
estallar,-0.6,1,0.6
ejercicio,0.4,1,1
físico,0.4,0.2,0.6
lloro,-1,0.6,1
lucir,0.8,0.6,0.6
insistir,-0.8,1,0.4
disposición,0.6,0,-0.2
pobre,-0.8,-0.6,0.8
escala,0.4,-0.2,0.2
eje,0.6,-0.2,0.6
madrugada,0.6,0,0.8
invitado,0.4,0,0.8
danzar,0.8,1,0.8
ciego,-0.4,-0.8,0.6
jornada,0,0.4,0.4
enemigo,-0.8,0.2,0.6
exacto,0.833,0.167,0.667
adaptar,0.4,0.6,0
impulso,0.4,0.8,-0.2
aparato,0.2,-0.4,0.6
comarca,0.6,-0.6,1
pelea,-0.833,1,1
legislatura,-0.167,0,0.667
explotar,-0.5,1,0.833
respectivamente,0.167,0,-0.667
específico,0.333,0,-0.5
manejar,0.5,1,0.667
productor,0.4,0.6,0.8
automóvil,0.8,0.6,1
toro,0.4,0.6,0.8
prisa,-0.4,1,1
posiblemente,0.2,-0.2,-0.4
aumento,0.2,0.4,0.6
isleño,0.6,0,0.8
delante,0.2,0,0.8
victoria,1,0.6,1
alzar,0.667,1,1
material,0,0,0.5
canto,1,0.833,0.833
delicado,0.667,0,0.833
tardar,-0.667,0.167,0.667
originario,0.2,0.2,0.2
coincidir,0.8,0.6,0.2
ensayo,0.6,0.6,0.8
penetrar,0.2,1,0.8
candidatura,0.2,0.8,0.2
talvez,0,0,0
desesperación,-1,0.6,0.6
avenida,0,0.6,1
semifinal,0.6,0.6,0.8
planear,1,1,0.6
seguro,0.8,0.8,0.4
comparar,-0.2,0.4,1
agradable,1,0.4,0.4
quebrar,0,1,0.8
fórmula,0.4,0,0.8
colectivo,0.4,0.4,0.8
silueta,0.6,0.2,1
renunciar,0,0.8,0.8
supremo,0.8,0,-0.2
rosa,0.6,0.4,1
prever,0.6,0.8,0.2
intervención,0,1,0.2
despierto,0.2,0.8,0.4
usuario,0,0.6,0.8
anciano,0.4,0.2,1
contratar,0.4,0.8,0.2
monstruo,-0.571,0.429,1
restaurante,0.833,0.333,1
tarde,0.5,0.5,0.833
humor,0.833,0.833,0.833
plantar,0.6,0.8,1
saber,1,0.8,0.8
bomba,-0.4,0.8,1
inundar,-0.2,0,1
cuchillo,-0.2,0.2,1
homenaje,1,0.8,1
consolidar,0.4,0.2,0.2
competir,0.6,1,0.8
league,0.2,0.2,-0.2
coste,0.2,-0.2,-0.2
concentración,0.6,0.6,0.2
elegido,0.6,0.8,0.8
definición,0.4,0,-0.2
exactamente,0.4,0.2,-0.4
combinar,0.2,0.4,0.2
ceremonia,0.4,0.2,0.8
cruz,-0.4,0,1
criticar,-0.8,0.8,0.6
inocente,0.6,-0.2,0.8
palpitar,0.4,0.6,0.4
ganador,0.8,1,0.8
celebración,1,0.8,1
hilo,0,0,1
pisar,-0.2,0.6,1
basura,-0.8,-0.2,1
mueca,0.2,0.6,0.8
extranjero,0.4,0.2,0.4
endémico,-0.8,1,0
bronce,0.2,0,0.8
pálido,0,-0.2,1
legislativo,-0.4,0.4,-0.4
católico,-0.8,-0.4,0.2
posar,0.4,0.4,0.6
preocupación,-1,0.6,0.2
amargo,-1,-0.6,1
hembra,0.4,-0.4,1
escoger,0.6,0.8,0.2
procedente,-0.2,-0.4,0.2
técnico,0.167,0,0.167
consuelo,0.333,0,0.333
confesar,-0.167,0.5,0.167
pop,0.6,0.6,0.8
socialista,0.167,0.333,0.5
español,0.333,0,0.333
contexto,0,-0.4,0.2
humedad,-0.4,0,1
moda,0.2,0.4,0.6
ganadería,0.2,0,1
creencia,0.4,0.4,0.2
correspondiente,0,-0.2,-0.2
enfermo,-1,-1,0.8
turístico,0.8,0.2,1
plataforma,-0.2,0.4,0.4
clave,0,0.4,0.6
ánimo,0.4,0.4,0.6
discurso,0.2,1,1
internacional,0.4,0,0.8
hondo,0.2,-0.8,1
claramente,0.4,-0.4,0
obligación,-0.4,0.4,0.8
sal,0.2,0,1
beneficio,0.8,0.4,0.2
montañoso,0.6,-0.2,1
miar,0.2,0.4,-0.4
sesión,0,0,0.2
evidente,0,0.2,0.4
retrato,0,-0.2,1
permiso,0,0.4,0.8
destrucción,-0.6,0.6,1
galería,0,0,1
cotidiano,0.4,0.6,0.6
limpiar,0.4,1,1
autobús,-0.4,0.4,1
ruina,-0.4,-0.4,1
atribuir,-0.2,0.2,0
despues,0.2,-0.2,0.4
biografiar,0.4,0.2,0.2
sureste,0,0,0.4
danza,0.6,0.8,1
mecanismo,0.4,1,0.8
cercanía,0.8,0,0.6
ficción,0.6,0.6,0.8
escupir,-0.6,1,1
trozo,-0.2,0.2,1
niño,0.8,0.6,1
gastar,-0.4,0.8,1
instrucción,0.4,1,0.6
nacionalista,-0.2,0,1
espiritual,0.4,-1,0.8
frecuente,0.6,0.2,0.2
muralla,0.4,-0.6,1
honor,0.6,-0.4,0.2
empapar,-0.2,0.2,1
firma,0.4,0.8,1
judicial,-0.8,-0.4,0.6
derrota,-0.8,0.2,1
ira,-0.8,0.8,0.8
apoderar,-0.2,0.8,0
regular,-0.4,-0.2,0.2
establecimiento,0,-0.4,1
morder,0,1,1
rango,0,-0.2,0.4
tranquilidad,1,0.4,0.8
derramar,-0.2,1,1
compromiso,0.8,1,0.6
positivo,1,1,0.8
brigada,-0.2,-0.2,0.2
bit,0.4,0.2,0
cigarro,-1,-0.6,1
aburrir,-1,-0.6,1
empujar,-0.4,1,1
oración,0.6,0.6,1
admitir,0.8,1,0.6
rol,0.4,1,0.8
insecto,-0.8,0.6,0.8
atlántico,0.8,0.8,1
abundante,0.8,0.6,1
orquesta,1,1,1
aproximar,0.2,0.6,0.6
certeza,0.6,0.4,-0.2
mediterráneo,0.8,0.4,0.6
diablo,-0.6,0.8,1
extremo,-0.4,0.4,0.4
talento,1,1,0.667
proveniente,0.2,-0.2,0.2
empleado,-0.6,-0.2,0.8
naval,0,0.4,1
curioso,0.8,1,1
tensión,-1,0,0.8
representativo,0,0.4,0.2
noble,1,0.6,0.6
cerro,0.6,-0.8,1
conexión,0.8,0.6,0.8
sumergir,0,0.6,1
increíble,0.6,0.4,1
tibio,0.4,-0.4,1
artista,0.8,1,1
expansión,0,0.8,0.6
músico,1,1,1
cuerda,0,-0.2,1
paralelo,0,-0.2,0.8
arreglar,0.8,1,1
anotar,0,1,0.8
nuclear,-0.4,0.6,0
tembloroso,-0.8,0.4,1
paraíso,1,0.2,0.8
comunista,0,0.4,0.6
cintura,0.2,-0.4,1
liderar,0.4,1,1
muñeca,1,-0.8,1
terrestre,0.4,-0.2,1
equilibrio,0.6,0.6,1
salvaje,0.4,1,0.8
estrategia,0.6,1,0.6
castillo,0.8,-0.4,1
externo,0,-0.2,0.8
videojuego,0.6,-0.2,1
impresión,0,0.6,0.4
lista,0,-0.2,1
aguantar,-0.8,0.6,0.8
guía,0.8,0.8,0.8
listar,0,1,0.2
cultivar,1,1,1
pozo,-0.4,-0.8,1
prender,0,0.2,0.4
acomodar,0.6,0.8,0.8
apartar,0,0.8,1
circuito,0.2,0,0.6
absurdo,-0.6,-0.6,0.6
discutir,-0.8,1,1
altar,0.2,-0.4,1
feo,-0.8,-0.6,0.8
fuertemente,0.2,0.6,0.2
latín,0.2,-0.2,-0.4
inspiración,1,1,0.6
castellano,0.2,0.2,1
desvanecer,-0.4,0.4,0.4
discusión,-0.6,1,0.8
yacer,-0.2,-1,0.8
gobernador,-0.2,0.6,1
expulsar,-0.6,1,0.6
mortal,-0.6,0.6,0.4
promoción,0.8,0.4,0.2
estimar,0.4,0.8,0.4
rasgo,0.2,-0.4,0.6
cita,0.4,0.6,0.8
horrible,-1,0.2,1
fracaso,-1,-0.6,0.4
amenaza,-0.8,1,1
admirar,0.8,0.8,1
varón,0.2,0.2,0.8
principal,0.4,0.4,0.2
líneo,0.2,0.2,0.6
serpiente,-0.2,0.8,0.8
marqués,0.4,0.2,0.6
transferir,0.2,0.8,0
emprender,1,1,0.6
venganza,-1,1,1
plazo,-0.4,0,0.4
reaccionar,-0.4,1,0.6
conclusión,0.2,0.2,0.8
avance,1,1,1
complejo,0.2,0.4,0.2
rival,-1,0.8,0.4
atardecer,1,-0.4,1
barro,-0.2,-0.6,0.8
ansia,0,0,0.4
apurar,-0.6,1,0.8
étnico,0.6,0,0.6
librar,0.8,1,0.6
dinastía,-0.2,-0.4,0.2
botánico,0.8,-0.6,0.4
cobrar,-0.4,0.8,0.6
oficio,0.6,1,1
sincero,1,1,0.8
querido,1,0.6,1
responsable,0.6,1,0.8
cazar,-0.8,1,1
perfume,1,0,1
mixto,0.4,0,1
pelota,-0.2,-0.2,1
maldito,-1,0.6,0.6
anhelo,1,0.6,0.6
furia,-0.8,1,1
parado,-0.4,-0.2,1
efectuar,0.2,0.8,0.4
santo,0.6,0.4,0.8
repartir,0.4,1,1
arder,-0.4,0.2,1
inútil,-0.8,-0.8,1
inicial,0,0,0
complicar,-1,0.6,0.2
vergüenza,-0.4,-0.6,0.8
metálico,-0.2,-0.4,1
agudo,-0.2,0.6,0.4
fácilmente,1,0,0.4
suroeste,0.2,-0.2,0
vacio,-1,-0.6,0.8
violento,-1,1,1
perfectamente,0.6,0.8,1
intervenir,0.8,1,1
cansancio,-0.6,-0.4,1
pecado,-0.8,0.8,0.8
túnel,-0.4,-0.2,1
teniente,-0.4,0.8,1
ocupación,0.8,1,0.8
mario,0.6,0.4,0.6
personal,0.4,0.4,0.4
profundar,0,1,-0.4
mina,0.2,-0.4,0.8
respectivo,0.2,0.4,-0.6
lamento,-1,1,1
productor,0.8,1,0.8
timar,-0.8,1,0.6
consolar,0.6,1,1
probable,0.2,0.4,0.4
relativo,0.2,0,0.4
medieval,0.2,-0.2,0.4
significativo,0.8,1,0
bajo,0,0.2,0.8
espacial,0.6,-0.2,0.2
entraña,-1,-0.4,0.8
dulce,1,-0.2,1
sigla,0.2,-0.2,0.6
erigir,0.4,0.8,-0.2
vídeo,0.6,0.2,1
laboratorio,-0.2,0.8,1
niebla,-0.2,0.2,1
disminuir,-0.6,0.8,0
azúcar,1,0,1
cumpleaños,1,0,1
rumor,-0.4,1,1
bus,0,0.4,1
deuda,-0.8,-0.2,0.8
ejecución,0.4,0.8,0.8
funcionamiento,0.8,1,0.6
vapor,0,0.4,0.8
continente,0,-0.4,0.8
disimular,-0.2,0.4,0.6
paciente,0,-0.6,0.8
salto,0.4,0.8,0.6
instinto,0.6,0.8,0.2
mañana,0.8,0.8,0.8
infante,0.6,0.2,0.2
solar,0.6,0.2,0.4
tarjeta,0.2,0,1
software,0.2,0.6,0.2
agujero,-0.6,-0.4,0.8
crédito,0,0.4,0.8
carecer,-0.8,0,0.4
manga,0,-0.4,0.6
manifestación,0.2,1,0.8
cortina,0.2,-0.4,0.8
tropezar,-0.6,0.4,1
humilde,1,0,0.4
rozar,0.6,1,0.8
tragar,-0.2,0.6,0.8
desplazar,0,0.8,0
placa,0.2,-0.2,0.2
seleccionar,0.4,1,0.6
lecho,0.2,-0.4,0.6
totalidad,0.4,0,0
rabia,-1,0.2,0.8
creador,0.6,1,0.6
desprender,-0.2,0.6,0.4
revolucionario,0.8,1,0.2
sillón,0.8,-0.6,1
incrementar,0,0.8,0.4
saco,0.2,-0.2,1
enloquecer,-1,0.4,0.2
guerrero,-0.4,1,1
relativamente,0.2,0.2,0
sombrero,0.2,-0.4,1
rastro,0,0,1
camión,0.4,0.4,1
encargado,0.4,0.8,0.6
ducado,-0.2,0.2,-0.6
baloncesto,1,1,1
inteligente,1,0.8,0.4
aerolínea,0.6,0.2,0.6
mudar,0,1,0.8
depresión,-0.8,-0.4,0.8
referenciar,0,1,-0.4
senador,0,0.2,0.6
bola,0.2,0.2,1
recinto,0.4,0,0.8
sobrino,1,0.6,1
lastimar,-1,1,0.8
cinta,0,0,0.8
atlético,1,1,1
noroeste,0,-0.2,0.6
rocío,0.6,-0.2,0.8
dragón,0.2,0.8,1
frágil,0.2,-0.2,0.6
explosión,-0.4,1,1
aviación,0.8,0.6,1
cumbre,0.6,0.2,1
intensidad,0,0.2,-0.2
traducción,-0.2,0.4,0.2
grueso,-0.167,0.167,1
nido,0.833,0.667,1
empresario,0.167,0.833,0.667
resolución,0.333,0.5,0.333
popularidad,0.333,0.5,0.5
conferencia,0.333,0.833,0.833
norma,0.167,-0.167,0.167
interminable,0,0.333,0.667
mandato,0,0.333,0.333
temprano,0.5,0.5,0.833
componente,0,0.167,0.167
duración,0,0.167,-0.333
marchito,-0.333,-0.667,1
incendio,-0.833,1,1
distante,-0.6,0,0.6
demanda,-0.4,0.8,0.2
adaptación,0.4,0.4,-0.2
vereda,0,-0.4,0.8
centímetro,0,0,1
jazz,0.4,0.4,0.8
costo,0,-0.2,0.4
fuerte,0.8,0.6,1
visible,0.2,0.8,0.4
cena,0.8,0.6,1
tubo,0,-0.2,0.8
billete,0.6,0,0.8
sinopsis,0.6,0.6,0.4
artificial,-0.6,-0.4,0.8
cómic,0.6,0.6,1
suavemente,0.8,0.8,0.8
ingeniería,0,0.4,0
pasaje,0.6,0.2,1
combinación,0,0.4,0
turno,-0.4,-0.4,0.2
seno,0.4,-0.6,0.8
hierba,1,0,1
circular,0.2,0.4,0.2
incapaz,-0.8,-0.8,0
orar,-0.2,0.6,0.6
socio,0,0.6,0.4
aportar,0.4,1,0.4
democracia,1,0.8,-0.2
guitarrista,0.8,0.8,1
escritura,0.6,0.8,0.8
ampliar,0.8,0.6,0.4
sed,-0.6,0,0.2
alegrar,0.6,0.8,0.4
emisión,0.2,0.6,-0.2
tráfico,-0.6,0.2,1
convocar,0.4,0.8,0.6
espectador,0.2,-0.6,1
caro,-1,-0.4,0.6
desgracia,-0.8,-0.2,0.8
transmisión,0,0.6,-0.2
líquido,0.4,0.4,1
confusión,0,0.2,0.2
fachada,-0.2,-0.2,0.2
matemático,0.2,0.2,0.6
digital,0.2,0.2,0.4
campana,0.2,0.6,1
extraordinario,0.8,0.6,0.6
piloto,0.2,0.4,0
aeronave,0.2,0.4,0.6
pasajero,0.6,0.2,0.8
fugaz,0.6,0.2,0.4
apellido,0,-0.4,1
sujeto,0.4,0.4,0.8
mismo,0.2,0,0
chocolate,1,-0.2,1
vengar,-0.6,0.6,0.8
chocar,-0.6,1,1
tiro,-0.4,0.6,0.8
web,0.6,0.4,0.6
quieto,0,-1,0.4
vomitar,-1,1,1
quizas,0,-0.2,-0.2
amado,1,0.2,0.4
disparo,-0.4,0.6,1
alcance,0,0,0
presidencial,0,-0.4,0.6
era,0.4,-0.4,-0.4
sábana,0.8,-0.4,1
frecuentemente,0.2,0.4,0
intelectual,0.6,-0.2,1
ceniza,-0.2,-0.4,1
territorial,-0.2,0.4,-0.2
percatar,0.2,0.8,0
music,0.6,0.4,0.6
colonial,0.4,0.2,1
proclamar,0.4,1,0.4
acumular,0,1,0.8
enfrentamiento,-0.6,0.8,0.8
natural,0.8,-0.2,0.8
mando,0.2,0.6,0.8
paloma,0.6,0.4,1
vas,0.4,0.8,0.2
pétalo,1,-0.4,1
acelerar,0.4,1,0.6
funcionario,-0.2,0.2,0.2
almohada,0.8,-0.2,1
particularmente,0.2,0.4,-0.6
vital,0.8,0.6,0.2
liberación,1,1,0.4
profundo,0.4,0.6,0.6
sustancia,0,-0.6,0
cáncer,-0.8,-0.2,0.6
nervio,-0.4,-0.4,0.4
reina,0.6,0.2,1
manzana,1,-0.4,1
encanto,0.6,-0.2,0.2
doblar,0.2,0.8,0.8
etimología,0.2,0.4,-0.2
américa,0.4,0,1
informe,-0.2,-0.2,-0.6
consumo,-0.4,0.8,0.4
armonía,1,-0.4,0.6
sediento,-0.6,0.4,1
voltear,0.2,1,0.8
gordo,-0.2,-0.2,1
barrera,-0.2,-0.4,1
aceite,0,-0.4,1
impregnar,0.6,0.8,0.6
observación,0.8,0.4,0.6
parlamento,0.6,0.4,0.8
delito,-0.4,0.8,1
tapar,0,0.8,0.8
paquete,0.2,-0.2,1
consciente,0.4,0.4,0
fusionar,0.6,1,0.4
deje,0.2,-0.2,-0.4
trago,0.2,-0.2,1
feria,0.6,-0.2,1
sorbo,0.2,0,1
empleo,0.8,1,0.6
debe,-0.2,0,-0.6
conservación,0,0.4,0.2
helar,0.2,0.6,0.8
uña,-0.4,-1,1
cristiano,-0.2,0,0.8
hada,0.8,0.4,1
aislar,0,0.6,0.6
ahi,-0.2,0.2,0.4
inocencia,0.6,-0.4,0.4
destrozar,-0.2,1,0.8
verso,0.4,-0.2,0.2
microsoft,0,0.2,0.8
culto,-0.6,0.6,0.8
archivo,0.2,-0.4,0.6
ejemplar,0.8,0,0.4
misa,-0.4,-0.6,0.8
procedimiento,0,-0.2,0.2
fusión,0.4,0.8,0.2
manto,0.6,-0.4,1
navegar,1,0.6,1
educativo,0.2,0,1
curar,0.8,0.8,1
plano,0.2,-0.6,1
suspender,0,0,-0.4
castigo,-1,0.8,1
boda,0.6,0.4,1
picar,-0.2,0.8,0.6
llamada,0,0.8,1
toclop,0,0,-1
esfumar,0.2,0.8,0.6
argumentar,0.4,1,0.6
índice,0.2,0.2,0.6
calcular,0.4,0.6,1
escalofrío,-0.4,0.6,0.8
tonto,-0.4,0.4,0.8
pulmón,0,0.2,1
primero,0.8,0.4,0.2
tela,0.6,-0.4,1
lleno,0.2,0,0.8
realista,0.6,0.6,0.4
palma,0.2,0,1
colonia,0,-0.2,0.4
falda,-0.2,-0.4,1
entrevista,-0.2,0.6,0.6
montón,0.4,0,0.6
sacrificio,0,0.4,0.4
práctica,0.6,1,0.6
perciforme,0.4,-0.4,0
agrupación,0.4,0.4,1
asistencia,0.6,0.6,0.6
navidad,1,-0.8,0.8
penumbra,-0.2,-0.6,0.2
extraer,0,1,0.8
separación,-0.4,0.8,0.4
conducta,0,0.4,-0.2
digno,1,0.4,0
templar,0.6,0.8,0.4
tronco,0.2,-0.2,1
grita,-0.2,0.4,0.4
estómago,0,-0.2,0.6
atmósfera,0.4,0,-0.2
escritorio,0.2,-0.4,1
paciente,0.4,-0.2,1
añorar,-0.4,0.2,0.4
fundir,-0.2,0.6,0.8
rico,0.6,0.2,1
adornar,0.8,0.8,1
pasajero,0.2,-0.2,0.2
lateral,0,-0.2,-0.4
programación,0.6,0.6,0.6
maria,-0.2,-0.2,0
dictadura,-0.8,0.8,0.4
global,0,-0.2,0.8
proteína,0.2,0.6,-0.8
ansiedad,-1,0.8,0.6
explotación,-0.6,1,1
exterior,0.4,-0.2,1
vegetación,0.8,-0.2,1
miseria,-0.8,-0.2,0.8
culpable,-0.6,0.6,0
claridad,0.8,-0.2,1
secreto,-0.2,0.2,0.6
naranja,0.8,0.2,1
teatral,0.2,0.8,0.8
caza,-0.4,0.8,1
gigante,-0.2,-0.2,1
examen,-0.4,0,1
plantear,0,0.8,0.6
asignar,0,0.8,-0.2
amanecer,1,0.4,1
fallar,-1,0.6,0.8
corriente,0.2,0.2,0.4
sera,0.2,-0.2,0.8
deshacer,-0.2,0.8,0.4
celo,-0.4,0.2,0.4
jurídico,-0.2,-0.4,0.2
primitivo,-0.2,-0.4,0.4
rescatar,0.6,1,1
sollozo,-1,0.2,1
gobernación,0,0.2,-0.2
agotar,-0.4,-0.2,0.2
bala,-0.4,0.6,1
partícula,0.4,0.4,-0.6
mudo,-0.6,-1,1
regimiento,0.2,0.4,0.8
revisar,-0.2,0.2,0.2
volcán,0,0.4,1
transformación,0.2,0.8,0
pastor,0.6,0,0.6
dañar,-1,1,0.4
agonía,-0.8,0.6,0.2
lástima,-0.4,-0.2,0.2
diámetro,0,-0.2,0.8
hermanar,1,0.4,-0.4
espina,-0.6,-0.2,1
computador,0.6,0.6,0.6
esfera,0.2,0,1
bandera,0.4,-0.4,0.8
castigar,-1,1,1
influir,0.4,0.8,0.6
super,0.6,0.6,0.4
prolongar,-0.2,0.6,0
desnudar,0.6,1,1
masivo,-0.2,0.2,0.8
ligeramente,0.2,0.2,0
hueco,-0.2,0,0.6
analizar,0,1,0.4
alrededor,0.2,-0.4,0.4
defecto,-0.4,-0.2,1
realización,0.8,0.8,0.4
penar,-0.8,0.4,0.8
tragedia,-1,0.2,0.6
compra,0.4,1,1
gigante,0,0.4,1
residencia,0.6,0,0.8
diálogo,1,1,1
datar,0,0.8,0.4
rebelión,-0.4,1,1
investigador,0.4,0.6,1
afuera,0.2,-0.2,0.8
dvd,0.2,-0.2,1
film,0.8,0.2,1
caos,-0.4,0,0.4
administrativo,-0.2,-1,0
inversión,0.2,0.8,0.6
señorito,0.2,0.2,1
guiar,0.4,1,1
correo,0,0,0.8
bebé,0.6,0.4,1
enojar,-0.6,0.8,0.4
juzgar,0,0.6,0.4
juvenil,0.6,-0.2,0.6
constantemente,0,-0.2,-0.4
poblado,0,0,0.8
antigüedad,0,-0.6,0.4
nadar,0.8,1,1
respectar,0,0.2,-1
resignar,-0.4,0,-0.4
inmóvil,0,-1,0.4
masculino,0.2,-0.4,0.4
anhelar,0.2,0.4,-0.2
músculo,0.2,0.2,0.8
influenciar,-0.2,0.8,0.2
top,0.2,-0.4,0.4
vecino,0.4,0,0.6
infantería,0,0.6,0.6
remedio,0,0,1
esencial,0.2,-0.2,-0.4
quinto,0,0.2,0
narrar,0.6,1,1
luminoso,0.8,0,0.8
trasero,-0.2,-0.4,0.4
tornar,0,1,-0.2
platicar,0.4,0.8,1
cinematográfico,0.8,0.4,0.6
anoche,0.6,-0.2,0.6
experimento,0.2,0.6,0.6
forestal,0.8,0.2,0.8
fragmento,0.4,-0.4,0.2
alternativa,0.6,0.4,-0.4
queso,0.8,-0.2,1
inmensidad,0.6,-0.2,-0.6
gloria,0.8,0.2,0
sentencia,-0.2,0,0.2
exclusivamente,0.2,0,-0.6
estrecho,0,-0.2,0.6
adicional,0.2,0,-0.2
útil,1,0.8,0.2
adorar,0.4,0.8,0.6
variación,0.4,0.4,0
aparentemente,0.2,-0.2,-0.2
entrenamiento,0.2,0.6,0.8
marítimo,0.4,0.2,0.6
inevitable,0.2,0,0.2
llanura,0.6,-0.8,1
estan,0,0.2,0.4
mariano,0.2,-0.2,-0.2
prisionero,-0.8,-0.4,1
absolutamente,0.2,-0.2,-0.4
sabiduría,1,0,0.4
concilio,0.6,0.2,0.2
ejecutivo,0.2,0.4,0.6
subespecie,0,-0.4,-0.6
iniciativa,0.8,0.8,0.8
suspirar,0.6,0.6,1
veneno,-0.6,-0.2,1
largar,-0.2,0.8,1
influyente,-0.2,1,0.4
sutil,0.6,-0.4,0
exclamar,0,1,0.8
ardiente,0.2,0.2,0.8
estrecho,0,-0.4,0.8
euro,0.2,-0.2,0.8
objetivo,0.6,0.4,0.8
facilitar,0.4,0.8,0.2
sedar,0,0.4,1
profesión,0.2,0.2,0.6
septentrional,0.2,-0.4,0.2
investigar,0.8,1,1
campamento,0.8,0.2,1
horror,-0.4,0,1
subtropical,0.4,-0.6,0.6
cerdo,0.2,0.2,1
postura,0,-0.2,1
barra,-0.2,-0.2,0.8
perspectiva,0.6,0.2,0.2
esclavo,-0.8,0,1
absorber,0.2,0.8,1
responsable,0.8,0.6,0.6
chico,0.4,0,1
ansioso,0,0.2,0.8
cero,-0.4,-0.2,1
deja,0,0.2,0.2
enamorado,1,0.6,1
sinfónico,0.8,0,0.4
caballería,0.8,0.6,1
amoroso,1,0.8,1
sabana,0.4,-0.4,0.8
contraer,-0.2,0.6,0.4
visual,0.4,-0.4,-0.2
vincular,0.6,0.6,0
terremoto,-1,0.8,0.8
licenciar,0.4,0.4,-0.4
republicano,0.2,0.2,0
giro,0,0.2,0.2
elegante,1,0,1
aguar,-0.4,0.2,0
melancolía,-1,-0.4,0.6
comparación,-0.2,0.8,0.4
miembro,0.2,0,0.6
ángulo,-0.2,-0.6,1
atracción,1,0.8,0.6
reojo,-0.2,0.4,0.8
significado,0.4,0.2,0.8
congelar,-0.6,0,1
pistola,-1,0.6,1
amable,1,1,1
comedia,1,0.4,0.8
central,-0.2,-0.4,0.6
doloroso,-1,1,1
facilidad,1,-0.6,1
sublime,1,-0.2,0.2
prado,0.8,-0.8,1
tejer,0.4,1,1
flujo,0.2,0.4,0.8
enfermero,-0.2,0.8,1
paciencia,0.8,0,1
térmico,0.6,0.8,0.8
civilización,0.6,0.6,1
introducción,0,0.2,0.6
pionero,0.8,1,0.4
ramal,0,0,0.6
peña,0.4,0.2,1
angel,1,0.4,0.8
rubio,0.2,0,1
cajón,0,-0.2,1
restauración,0.6,1,0.8
lógica,0.4,0.6,0.6
that,0,0.2,0.4
sien,0,0.2,1
contento,1,0.4,1
administrativo,-0.2,0.4,0.2
taxi,0,0.8,1
petición,0,0.8,0
